{
    "name": "root",
    "gauges": {
        "default.Policy.Entropy.mean": {
            "value": 0.4849695563316345,
            "min": 0.05461562052369118,
            "max": 1.3046374320983887,
            "count": 250
        },
        "default.Policy.Entropy.sum": {
            "value": 931.1415405273438,
            "min": 108.35739135742188,
            "max": 2776.2685546875,
            "count": 250
        },
        "default.Environment.EpisodeLength.mean": {
            "value": 75.76190476190476,
            "min": 17.836734693877553,
            "max": 181.36363636363637,
            "count": 250
        },
        "default.Environment.EpisodeLength.sum": {
            "value": 1591.0,
            "min": 787.0,
            "max": 3211.0,
            "count": 250
        },
        "default.HeatMap_Heat:SpawnLoc_0.mean": {
            "value": 0.5,
            "min": 0.49812547862529755,
            "max": 0.9990322589874268,
            "count": 250
        },
        "default.HeatMap_Heat:SpawnLoc_0.sum": {
            "value": 6.5,
            "min": 0.5,
            "max": 33.02500283718109,
            "count": 250
        },
        "default.HeatMap_TimesSpawned:SpawnLoc_0.mean": {
            "value": 497.38461538461536,
            "min": 1.1290322580645162,
            "max": 497.38461538461536,
            "count": 250
        },
        "default.HeatMap_TimesSpawned:SpawnLoc_0.sum": {
            "value": 6466.0,
            "min": 35.0,
            "max": 14398.0,
            "count": 250
        },
        "default.HeatMap_Heat:SpawnLoc_1.mean": {
            "value": 0.5250004529953003,
            "min": 0.5250004529953003,
            "max": 0.9995161294937134,
            "count": 250
        },
        "default.HeatMap_Heat:SpawnLoc_1.sum": {
            "value": 6.825005888938904,
            "min": 0.5250004529953003,
            "max": 32.26500356197357,
            "count": 250
        },
        "default.HeatMap_TimesSpawned:SpawnLoc_1.mean": {
            "value": 490.0769230769231,
            "min": 1.1290322580645162,
            "max": 490.0769230769231,
            "count": 250
        },
        "default.HeatMap_TimesSpawned:SpawnLoc_1.sum": {
            "value": 6371.0,
            "min": 35.0,
            "max": 14216.0,
            "count": 250
        },
        "default.HeatMap_Heat:SpawnLoc_2.mean": {
            "value": 0.5,
            "min": 0.49826939747883725,
            "max": 0.9974193572998047,
            "count": 250
        },
        "default.HeatMap_Heat:SpawnLoc_2.sum": {
            "value": 6.5,
            "min": 0.5,
            "max": 31.370004415512085,
            "count": 250
        },
        "default.HeatMap_TimesSpawned:SpawnLoc_2.mean": {
            "value": 399.2307692307692,
            "min": 1.7741935483870968,
            "max": 399.2307692307692,
            "count": 250
        },
        "default.HeatMap_TimesSpawned:SpawnLoc_2.sum": {
            "value": 5190.0,
            "min": 55.0,
            "max": 11632.0,
            "count": 250
        },
        "default.HeatMap_Heat:SpawnLoc_3.mean": {
            "value": 0.5,
            "min": 0.5,
            "max": 1.0,
            "count": 250
        },
        "default.HeatMap_Heat:SpawnLoc_3.sum": {
            "value": 6.5,
            "min": 0.5,
            "max": 35.9650000333786,
            "count": 250
        },
        "default.HeatMap_TimesSpawned:SpawnLoc_3.mean": {
            "value": 575.8461538461538,
            "min": 0.7419354838709677,
            "max": 575.8461538461538,
            "count": 250
        },
        "default.HeatMap_TimesSpawned:SpawnLoc_3.sum": {
            "value": 7486.0,
            "min": 23.0,
            "max": 17437.0,
            "count": 250
        },
        "default.HeatMap_Heat:SpawnLoc_4.mean": {
            "value": 0.5,
            "min": 0.4950004816055298,
            "max": 1.0,
            "count": 250
        },
        "default.HeatMap_Heat:SpawnLoc_4.sum": {
            "value": 6.5,
            "min": 0.5,
            "max": 35.15000081062317,
            "count": 250
        },
        "default.HeatMap_TimesSpawned:SpawnLoc_4.mean": {
            "value": 477.9230769230769,
            "min": 1.2580645161290323,
            "max": 477.9230769230769,
            "count": 250
        },
        "default.HeatMap_TimesSpawned:SpawnLoc_4.sum": {
            "value": 6213.0,
            "min": 39.0,
            "max": 14272.0,
            "count": 250
        },
        "default.HeatMap_Heat:SpawnLoc_5.mean": {
            "value": 0.5,
            "min": 0.49611159165700275,
            "max": 0.985161304473877,
            "count": 250
        },
        "default.HeatMap_Heat:SpawnLoc_5.sum": {
            "value": 6.5,
            "min": 0.5,
            "max": 33.200002670288086,
            "count": 250
        },
        "default.HeatMap_TimesSpawned:SpawnLoc_5.mean": {
            "value": 486.0,
            "min": 3.4838709677419355,
            "max": 486.0,
            "count": 250
        },
        "default.HeatMap_TimesSpawned:SpawnLoc_5.sum": {
            "value": 6318.0,
            "min": 108.0,
            "max": 14520.0,
            "count": 250
        },
        "default.HeatMap_Heat:SpawnLoc_6.mean": {
            "value": 0.5,
            "min": 0.49687542021274567,
            "max": 1.0,
            "count": 250
        },
        "default.HeatMap_Heat:SpawnLoc_6.sum": {
            "value": 6.5,
            "min": 0.5,
            "max": 33.72000217437744,
            "count": 250
        },
        "default.HeatMap_TimesSpawned:SpawnLoc_6.mean": {
            "value": 489.0,
            "min": 1.032258064516129,
            "max": 489.0,
            "count": 250
        },
        "default.HeatMap_TimesSpawned:SpawnLoc_6.sum": {
            "value": 6357.0,
            "min": 32.0,
            "max": 14178.0,
            "count": 250
        },
        "default.HeatMap_Heat:SpawnLoc_7.mean": {
            "value": 0.5750004053115845,
            "min": 0.5750004053115845,
            "max": 1.0,
            "count": 250
        },
        "default.HeatMap_Heat:SpawnLoc_7.sum": {
            "value": 7.475005269050598,
            "min": 0.5750004053115845,
            "max": 35.17500078678131,
            "count": 250
        },
        "default.HeatMap_TimesSpawned:SpawnLoc_7.mean": {
            "value": 502.61538461538464,
            "min": 0.5483870967741935,
            "max": 502.61538461538464,
            "count": 250
        },
        "default.HeatMap_TimesSpawned:SpawnLoc_7.sum": {
            "value": 6534.0,
            "min": 17.0,
            "max": 14554.0,
            "count": 250
        },
        "default.HeatMap_Heat:SpawnLoc_8.mean": {
            "value": 0.5,
            "min": 0.49607190915516447,
            "max": 0.9995161294937134,
            "count": 250
        },
        "default.HeatMap_Heat:SpawnLoc_8.sum": {
            "value": 6.5,
            "min": 0.5,
            "max": 32.08000373840332,
            "count": 250
        },
        "default.HeatMap_TimesSpawned:SpawnLoc_8.mean": {
            "value": 445.84615384615387,
            "min": 0.9354838709677419,
            "max": 445.84615384615387,
            "count": 250
        },
        "default.HeatMap_TimesSpawned:SpawnLoc_8.sum": {
            "value": 5796.0,
            "min": 29.0,
            "max": 12795.0,
            "count": 250
        },
        "default.HeatMap_Heat:SpawnLoc_9.mean": {
            "value": 0.6600003242492676,
            "min": 0.6600003242492676,
            "max": 1.0,
            "count": 250
        },
        "default.HeatMap_Heat:SpawnLoc_9.sum": {
            "value": 8.580004215240479,
            "min": 0.9300000667572021,
            "max": 36.0,
            "count": 250
        },
        "default.HeatMap_TimesSpawned:SpawnLoc_9.mean": {
            "value": 718.7692307692307,
            "min": 1.0,
            "max": 718.7692307692307,
            "count": 250
        },
        "default.HeatMap_TimesSpawned:SpawnLoc_9.sum": {
            "value": 9344.0,
            "min": 31.0,
            "max": 21218.0,
            "count": 250
        },
        "default.HeatMap_Heat:SpawnLoc_10.mean": {
            "value": 0.5,
            "min": 0.4988892608218723,
            "max": 1.0,
            "count": 250
        },
        "default.HeatMap_Heat:SpawnLoc_10.sum": {
            "value": 6.5,
            "min": 0.5,
            "max": 35.82000017166138,
            "count": 250
        },
        "default.HeatMap_TimesSpawned:SpawnLoc_10.mean": {
            "value": 498.6923076923077,
            "min": 1.1290322580645162,
            "max": 498.6923076923077,
            "count": 250
        },
        "default.HeatMap_TimesSpawned:SpawnLoc_10.sum": {
            "value": 6483.0,
            "min": 35.0,
            "max": 14691.0,
            "count": 250
        },
        "default.HeatMap_Heat:SpawnLoc_11.mean": {
            "value": 0.9750000238418579,
            "min": 0.9750000238418579,
            "max": 1.0,
            "count": 250
        },
        "default.HeatMap_Heat:SpawnLoc_11.sum": {
            "value": 12.675000309944153,
            "min": 0.9850000143051147,
            "max": 36.0,
            "count": 250
        },
        "default.HeatMap_TimesSpawned:SpawnLoc_11.mean": {
            "value": 866.6153846153846,
            "min": 1.5806451612903225,
            "max": 866.6153846153846,
            "count": 250
        },
        "default.HeatMap_TimesSpawned:SpawnLoc_11.sum": {
            "value": 11266.0,
            "min": 49.0,
            "max": 24937.0,
            "count": 250
        },
        "default.Policy.ExtrinsicValue.mean": {
            "value": 0.26014721393585205,
            "min": -0.33698180317878723,
            "max": 1.4450763463974,
            "count": 250
        },
        "default.Policy.ExtrinsicValue.sum": {
            "value": 53.85047149658203,
            "min": -75.82090759277344,
            "max": 296.24066162109375,
            "count": 250
        },
        "default.Environment.CumulativeReward.mean": {
            "value": 2.3,
            "min": 0.4,
            "max": 3.2941176470588234,
            "count": 250
        },
        "default.Environment.CumulativeReward.sum": {
            "value": 46.0,
            "min": 4.0,
            "max": 135.5,
            "count": 250
        },
        "default.Policy.ExtrinsicReward.mean": {
            "value": 2.3,
            "min": 0.4,
            "max": 3.2941176470588234,
            "count": 250
        },
        "default.Policy.ExtrinsicReward.sum": {
            "value": 46.0,
            "min": 4.0,
            "max": 135.5,
            "count": 250
        },
        "default.Losses.PolicyLoss.mean": {
            "value": -0.07511622914192373,
            "min": -0.7487986464321187,
            "max": 0.2497056263322278,
            "count": 250
        },
        "default.Losses.PolicyLoss.sum": {
            "value": -14.497432224391279,
            "min": -155.97626416157732,
            "max": 52.68788715610006,
            "count": 250
        },
        "default.Losses.ValueLoss.mean": {
            "value": 0.0008516979014347249,
            "min": 0.0008516979014347249,
            "max": 0.014261043153983096,
            "count": 250
        },
        "default.Losses.ValueLoss.sum": {
            "value": 0.1643776949769019,
            "min": 0.1643776949769019,
            "max": 2.666815069794839,
            "count": 250
        },
        "default.Losses.Q1Loss.mean": {
            "value": 0.0049216269686396825,
            "min": 0.004518587525717401,
            "max": 0.11823039402269332,
            "count": 250
        },
        "default.Losses.Q1Loss.sum": {
            "value": 0.9498740049474588,
            "min": 0.867568804937741,
            "max": 22.10908368224365,
            "count": 250
        },
        "default.Losses.Q2Loss.mean": {
            "value": 0.005014752145269118,
            "min": 0.004416606569215724,
            "max": 0.11769740409335783,
            "count": 250
        },
        "default.Losses.Q2Loss.sum": {
            "value": 0.9678471640369397,
            "min": 0.8479884612894191,
            "max": 22.009414565457913,
            "count": 250
        },
        "default.Policy.ContinuousEntropyCoeff.mean": {
            "value": 0.002937942783165379,
            "min": 0.0018062007340122106,
            "max": 0.00973837840618468,
            "count": 250
        },
        "default.Policy.ContinuousEntropyCoeff.sum": {
            "value": 0.5670229571509182,
            "min": 0.3575353559188724,
            "max": 1.9427575089990852,
            "count": 250
        },
        "default.Policy.LearningRate.mean": {
            "value": 0.0003,
            "min": 0.0002999999999999999,
            "max": 0.00030000000000000003,
            "count": 250
        },
        "default.Policy.LearningRate.sum": {
            "value": 0.05789999999999999,
            "min": 0.05519999999999999,
            "max": 0.0654,
            "count": 250
        },
        "default.IsTraining.mean": {
            "value": 1.0,
            "min": 1.0,
            "max": 1.0,
            "count": 250
        },
        "default.IsTraining.sum": {
            "value": 1.0,
            "min": 1.0,
            "max": 1.0,
            "count": 250
        }
    },
    "metadata": {
        "timer_format_version": "0.1.0",
        "start_time_seconds": "1616680012",
        "python_version": "3.7.0 (v3.7.0:1bf9cc5093, Jun 27 2018, 04:59:51) [MSC v.1914 64 bit (AMD64)]",
        "command_line_arguments": "C:\\Users\\vanre\\AppData\\Local\\Programs\\Python\\Python37\\Scripts\\mlagents-learn .\\Trainers\\SAC_Default.yaml --run-id=SAC_64-50000_HM --force",
        "mlagents_version": "0.24.0",
        "mlagents_envs_version": "0.24.0",
        "communication_protocol_version": "1.4.0",
        "pytorch_version": "1.7.0+cu110",
        "numpy_version": "1.18.1",
        "end_time_seconds": "1616681035"
    },
    "total": 1022.7711668,
    "count": 1,
    "self": 0.004267499999855318,
    "children": {
        "run_training.setup": {
            "total": 0.11982460000000006,
            "count": 1,
            "self": 0.11982460000000006
        },
        "TrainerController.start_learning": {
            "total": 1022.6470747000001,
            "count": 1,
            "self": 0.6714353000014626,
            "children": {
                "TrainerController._reset_env": {
                    "total": 5.265309,
                    "count": 1,
                    "self": 5.265309
                },
                "TrainerController.advance": {
                    "total": 1016.6587624999986,
                    "count": 36302,
                    "self": 0.3002650999933394,
                    "children": {
                        "env_step": {
                            "total": 1016.3584974000053,
                            "count": 36302,
                            "self": 939.4215220999992,
                            "children": {
                                "SubprocessEnvManager._take_step": {
                                    "total": 76.62662270000195,
                                    "count": 36302,
                                    "self": 1.433302300009018,
                                    "children": {
                                        "TorchPolicy.evaluate": {
                                            "total": 75.19332039999293,
                                            "count": 31265,
                                            "self": 28.179326499996733,
                                            "children": {
                                                "TorchPolicy.sample_actions": {
                                                    "total": 47.013993899996194,
                                                    "count": 31265,
                                                    "self": 47.013993899996194
                                                }
                                            }
                                        }
                                    }
                                },
                                "workers": {
                                    "total": 0.3103526000041317,
                                    "count": 36302,
                                    "self": 0.0,
                                    "children": {
                                        "worker_root": {
                                            "total": 1017.2862781999917,
                                            "count": 36302,
                                            "is_parallel": true,
                                            "self": 333.6179461999958,
                                            "children": {
                                                "steps_from_proto": {
                                                    "total": 0.0005272999999998973,
                                                    "count": 1,
                                                    "is_parallel": true,
                                                    "self": 7.6700000001928e-05,
                                                    "children": {
                                                        "_process_vector_observation": {
                                                            "total": 0.0004505999999979693,
                                                            "count": 4,
                                                            "is_parallel": true,
                                                            "self": 0.0004505999999979693
                                                        }
                                                    }
                                                },
                                                "UnityEnvironment.step": {
                                                    "total": 683.6678046999958,
                                                    "count": 36302,
                                                    "is_parallel": true,
                                                    "self": 5.1963334999973085,
                                                    "children": {
                                                        "UnityEnvironment._generate_step_input": {
                                                            "total": 5.801146400000899,
                                                            "count": 36302,
                                                            "is_parallel": true,
                                                            "self": 5.801146400000899
                                                        },
                                                        "communicator.exchange": {
                                                            "total": 657.1397278999924,
                                                            "count": 36302,
                                                            "is_parallel": true,
                                                            "self": 657.1397278999924
                                                        },
                                                        "steps_from_proto": {
                                                            "total": 15.530596900005234,
                                                            "count": 36302,
                                                            "is_parallel": true,
                                                            "self": 2.329232099993636,
                                                            "children": {
                                                                "_process_vector_observation": {
                                                                    "total": 13.201364800011598,
                                                                    "count": 145208,
                                                                    "is_parallel": true,
                                                                    "self": 13.201364800011598
                                                                }
                                                            }
                                                        }
                                                    }
                                                }
                                            }
                                        }
                                    }
                                }
                            }
                        }
                    }
                },
                "trainer_threads": {
                    "total": 4.9600000011196244e-05,
                    "count": 1,
                    "self": 4.9600000011196244e-05,
                    "children": {
                        "thread_root": {
                            "total": 0.0,
                            "count": 0,
                            "is_parallel": true,
                            "self": 0.0,
                            "children": {
                                "trainer_advance": {
                                    "total": 1017.3082000000006,
                                    "count": 2686,
                                    "is_parallel": true,
                                    "self": 0.24174249999919084,
                                    "children": {
                                        "process_trajectory": {
                                            "total": 124.10271299999971,
                                            "count": 2686,
                                            "is_parallel": true,
                                            "self": 124.0385403999997,
                                            "children": {
                                                "RLTrainer._checkpoint": {
                                                    "total": 0.06417260000000624,
                                                    "count": 1,
                                                    "is_parallel": true,
                                                    "self": 0.06417260000000624
                                                }
                                            }
                                        },
                                        "_update_policy": {
                                            "total": 892.9637445000017,
                                            "count": 2603,
                                            "is_parallel": true,
                                            "self": 0.05226580000191916,
                                            "children": {
                                                "SACTrainer._update_policy": {
                                                    "total": 892.9114786999997,
                                                    "count": 2603,
                                                    "is_parallel": true,
                                                    "self": 93.04826079999805,
                                                    "children": {
                                                        "TorchSACOptimizer.update": {
                                                            "total": 799.8632179000017,
                                                            "count": 49991,
                                                            "is_parallel": true,
                                                            "self": 799.8632179000017
                                                        }
                                                    }
                                                }
                                            }
                                        }
                                    }
                                }
                            }
                        }
                    }
                },
                "TrainerController._save_models": {
                    "total": 0.05151829999999791,
                    "count": 1,
                    "self": 0.008977899999990768,
                    "children": {
                        "RLTrainer._checkpoint": {
                            "total": 0.04254040000000714,
                            "count": 1,
                            "self": 0.04254040000000714
                        }
                    }
                }
            }
        }
    }
}