{
    "default": {
        "checkpoints": [
            {
                "steps": 499993,
                "file_path": "results\\SAC_64-50000_HM\\default\\default-499993.onnx",
                "reward": null,
                "creation_time": 1616681035.1428697
            },
            {
                "steps": 500110,
                "file_path": "results\\SAC_64-50000_HM\\default\\default-500110.onnx",
                "reward": 1.75,
                "creation_time": 1616681035.2953103
            }
        ],
        "final_checkpoint": {
            "steps": 500110,
            "file_path": "results\\SAC_64-50000_HM\\default.onnx",
            "reward": 1.75,
            "creation_time": 1616681035.2953103
        }
    },
    "metadata": {
        "stats_format_version": "0.2.0",
        "mlagents_version": "0.24.0",
        "torch_version": "1.7.0+cu110"
    }
}