{
    "name": "root",
    "metadata": {
        "timer_format_version": "0.1.0",
        "start_time_seconds": "1616343510",
        "python_version": "3.7.0 (v3.7.0:1bf9cc5093, Jun 27 2018, 04:59:51) [MSC v.1914 64 bit (AMD64)]",
        "command_line_arguments": "C:\\Users\\vanre\\AppData\\Local\\Programs\\Python\\Python37\\Scripts\\mlagents-learn .\\Trainers\\PPO_Default.yaml --run-id=PPO_MIN512-2048_HM --force",
        "mlagents_version": "0.24.0",
        "mlagents_envs_version": "0.24.0",
        "communication_protocol_version": "1.4.0",
        "pytorch_version": "1.7.0+cu110",
        "numpy_version": "1.18.1",
        "end_time_seconds": "1616343522"
    },
    "total": 11.969940200000002,
    "count": 1,
    "self": 0.003168200000002841,
    "children": {
        "run_training.setup": {
            "total": 0.1180525,
            "count": 1,
            "self": 0.1180525
        },
        "TrainerController.start_learning": {
            "total": 11.8487195,
            "count": 1,
            "self": 0.0004100000000022419,
            "children": {
                "TrainerController._reset_env": {
                    "total": 11.848154599999999,
                    "count": 1,
                    "self": 11.848154599999999
                },
                "trainer_threads": {
                    "total": 6.99999999298484e-07,
                    "count": 1,
                    "self": 6.99999999298484e-07
                },
                "TrainerController._save_models": {
                    "total": 0.00015419999999899403,
                    "count": 1,
                    "self": 0.00015419999999899403
                }
            }
        }
    }
}