{
    "name": "root",
    "gauges": {
        "default.Policy.Entropy.mean": {
            "value": 0.4169224202632904,
            "min": 0.061216287314891815,
            "max": 1.1538137197494507,
            "count": 250
        },
        "default.Policy.Entropy.sum": {
            "value": 840.515625,
            "min": 120.4736557006836,
            "max": 2492.237548828125,
            "count": 250
        },
        "default.HeatMap_Heat:SpawnLoc_0.mean": {
            "value": 0.5,
            "min": 0.4990001916885376,
            "max": 1.0,
            "count": 247
        },
        "default.HeatMap_Heat:SpawnLoc_0.sum": {
            "value": 2.0,
            "min": 0.5,
            "max": 24.0,
            "count": 247
        },
        "default.HeatMap_TimesSpawned:SpawnLoc_0.mean": {
            "value": 336.0,
            "min": 0.8333333333333334,
            "max": 336.0,
            "count": 247
        },
        "default.HeatMap_TimesSpawned:SpawnLoc_0.sum": {
            "value": 1344.0,
            "min": 20.0,
            "max": 4795.0,
            "count": 247
        },
        "default.HeatMap_Heat:SpawnLoc_1.mean": {
            "value": 0.5,
            "min": 0.4950004816055298,
            "max": 1.0,
            "count": 247
        },
        "default.HeatMap_Heat:SpawnLoc_1.sum": {
            "value": 2.0,
            "min": 0.5,
            "max": 24.0,
            "count": 247
        },
        "default.HeatMap_TimesSpawned:SpawnLoc_1.mean": {
            "value": 341.0,
            "min": 0.7916666666666666,
            "max": 341.0,
            "count": 247
        },
        "default.HeatMap_TimesSpawned:SpawnLoc_1.sum": {
            "value": 1364.0,
            "min": 19.0,
            "max": 4830.0,
            "count": 247
        },
        "default.HeatMap_Heat:SpawnLoc_2.mean": {
            "value": 0.5,
            "min": 0.5,
            "max": 1.0,
            "count": 247
        },
        "default.HeatMap_Heat:SpawnLoc_2.sum": {
            "value": 2.0,
            "min": 0.5,
            "max": 24.0,
            "count": 247
        },
        "default.HeatMap_TimesSpawned:SpawnLoc_2.mean": {
            "value": 334.5,
            "min": 0.2916666666666667,
            "max": 334.5,
            "count": 247
        },
        "default.HeatMap_TimesSpawned:SpawnLoc_2.sum": {
            "value": 1338.0,
            "min": 7.0,
            "max": 4806.0,
            "count": 247
        },
        "default.HeatMap_Heat:SpawnLoc_3.mean": {
            "value": 1.0,
            "min": 1.0,
            "max": 1.0,
            "count": 247
        },
        "default.HeatMap_Heat:SpawnLoc_3.sum": {
            "value": 4.0,
            "min": 1.0,
            "max": 24.0,
            "count": 247
        },
        "default.HeatMap_TimesSpawned:SpawnLoc_3.mean": {
            "value": 460.0,
            "min": 0.7083333333333334,
            "max": 460.0,
            "count": 247
        },
        "default.HeatMap_TimesSpawned:SpawnLoc_3.sum": {
            "value": 1840.0,
            "min": 17.0,
            "max": 6427.0,
            "count": 247
        },
        "default.HeatMap_Heat:SpawnLoc_4.mean": {
            "value": 0.9900000095367432,
            "min": 0.9900000095367432,
            "max": 1.0,
            "count": 247
        },
        "default.HeatMap_Heat:SpawnLoc_4.sum": {
            "value": 3.9600000381469727,
            "min": 0.9900000095367432,
            "max": 24.0,
            "count": 247
        },
        "default.HeatMap_TimesSpawned:SpawnLoc_4.mean": {
            "value": 474.25,
            "min": 1.2083333333333333,
            "max": 474.25,
            "count": 247
        },
        "default.HeatMap_TimesSpawned:SpawnLoc_4.sum": {
            "value": 1897.0,
            "min": 29.0,
            "max": 6632.0,
            "count": 247
        },
        "default.HeatMap_Heat:SpawnLoc_5.mean": {
            "value": 0.5,
            "min": 0.4977782567342122,
            "max": 0.9960416704416275,
            "count": 247
        },
        "default.HeatMap_Heat:SpawnLoc_5.sum": {
            "value": 2.0,
            "min": 0.5,
            "max": 23.90500009059906,
            "count": 247
        },
        "default.HeatMap_TimesSpawned:SpawnLoc_5.mean": {
            "value": 317.25,
            "min": 1.3333333333333333,
            "max": 317.25,
            "count": 247
        },
        "default.HeatMap_TimesSpawned:SpawnLoc_5.sum": {
            "value": 1269.0,
            "min": 32.0,
            "max": 4475.0,
            "count": 247
        },
        "default.HeatMap_Heat:SpawnLoc_6.mean": {
            "value": 0.5,
            "min": 0.4950004816055298,
            "max": 1.0,
            "count": 247
        },
        "default.HeatMap_Heat:SpawnLoc_6.sum": {
            "value": 2.0,
            "min": 0.5,
            "max": 24.0,
            "count": 247
        },
        "default.HeatMap_TimesSpawned:SpawnLoc_6.mean": {
            "value": 298.25,
            "min": 1.875,
            "max": 298.25,
            "count": 247
        },
        "default.HeatMap_TimesSpawned:SpawnLoc_6.sum": {
            "value": 1193.0,
            "min": 45.0,
            "max": 4275.0,
            "count": 247
        },
        "default.HeatMap_Heat:SpawnLoc_7.mean": {
            "value": 0.5,
            "min": 0.4972503125667572,
            "max": 0.997708335518837,
            "count": 247
        },
        "default.HeatMap_Heat:SpawnLoc_7.sum": {
            "value": 2.0,
            "min": 0.5,
            "max": 23.945000052452087,
            "count": 247
        },
        "default.HeatMap_TimesSpawned:SpawnLoc_7.mean": {
            "value": 262.0,
            "min": 0.9166666666666666,
            "max": 262.0,
            "count": 247
        },
        "default.HeatMap_TimesSpawned:SpawnLoc_7.sum": {
            "value": 1048.0,
            "min": 22.0,
            "max": 3720.0,
            "count": 247
        },
        "default.HeatMap_Heat:SpawnLoc_8.mean": {
            "value": 0.5,
            "min": 0.49611148569318986,
            "max": 0.9987500011920929,
            "count": 247
        },
        "default.HeatMap_Heat:SpawnLoc_8.sum": {
            "value": 2.0,
            "min": 0.5,
            "max": 23.97000002861023,
            "count": 247
        },
        "default.HeatMap_TimesSpawned:SpawnLoc_8.mean": {
            "value": 311.0,
            "min": 1.125,
            "max": 311.0,
            "count": 247
        },
        "default.HeatMap_TimesSpawned:SpawnLoc_8.sum": {
            "value": 1244.0,
            "min": 27.0,
            "max": 4457.0,
            "count": 247
        },
        "default.HeatMap_Heat:SpawnLoc_9.mean": {
            "value": 1.0,
            "min": 1.0,
            "max": 1.0,
            "count": 247
        },
        "default.HeatMap_Heat:SpawnLoc_9.sum": {
            "value": 4.0,
            "min": 1.0,
            "max": 24.0,
            "count": 247
        },
        "default.HeatMap_TimesSpawned:SpawnLoc_9.mean": {
            "value": 451.25,
            "min": 1.5416666666666667,
            "max": 451.25,
            "count": 247
        },
        "default.HeatMap_TimesSpawned:SpawnLoc_9.sum": {
            "value": 1805.0,
            "min": 37.0,
            "max": 6340.0,
            "count": 247
        },
        "default.HeatMap_Heat:SpawnLoc_10.mean": {
            "value": 0.9350000619888306,
            "min": 0.9350000619888306,
            "max": 1.0,
            "count": 247
        },
        "default.HeatMap_Heat:SpawnLoc_10.sum": {
            "value": 3.7400002479553223,
            "min": 0.9350000619888306,
            "max": 24.0,
            "count": 247
        },
        "default.HeatMap_TimesSpawned:SpawnLoc_10.mean": {
            "value": 458.25,
            "min": 0.8333333333333334,
            "max": 458.25,
            "count": 247
        },
        "default.HeatMap_TimesSpawned:SpawnLoc_10.sum": {
            "value": 1833.0,
            "min": 20.0,
            "max": 6453.0,
            "count": 247
        },
        "default.HeatMap_Heat:SpawnLoc_11.mean": {
            "value": 1.0,
            "min": 1.0,
            "max": 1.0,
            "count": 247
        },
        "default.HeatMap_Heat:SpawnLoc_11.sum": {
            "value": 4.0,
            "min": 1.0,
            "max": 24.0,
            "count": 247
        },
        "default.HeatMap_TimesSpawned:SpawnLoc_11.mean": {
            "value": 500.75,
            "min": 2.0,
            "max": 500.75,
            "count": 247
        },
        "default.HeatMap_TimesSpawned:SpawnLoc_11.sum": {
            "value": 2003.0,
            "min": 48.0,
            "max": 7007.0,
            "count": 247
        },
        "default.Policy.ExtrinsicValue.mean": {
            "value": -0.5125932097434998,
            "min": -0.5644652843475342,
            "max": 0.3461466133594513,
            "count": 250
        },
        "default.Policy.ExtrinsicValue.sum": {
            "value": -103.03123474121094,
            "min": -113.45751953125,
            "max": 72.69078826904297,
            "count": 250
        },
        "default.Losses.PolicyLoss.mean": {
            "value": 0.42268999695800413,
            "min": -0.16781659666168977,
            "max": 0.42455189480722905,
            "count": 250
        },
        "default.Losses.PolicyLoss.sum": {
            "value": 84.11530939464282,
            "min": -32.05296996238275,
            "max": 87.73852774564189,
            "count": 250
        },
        "default.Losses.ValueLoss.mean": {
            "value": 0.00028945701650810247,
            "min": 0.00019462403434339606,
            "max": 0.0101061141517581,
            "count": 250
        },
        "default.Losses.ValueLoss.sum": {
            "value": 0.057601946285112386,
            "min": 0.04106567124645657,
            "max": 1.9302678029857971,
            "count": 250
        },
        "default.Losses.Q1Loss.mean": {
            "value": 0.0022959270579757797,
            "min": 0.001754150048448256,
            "max": 0.07905445057907,
            "count": 250
        },
        "default.Losses.Q1Loss.sum": {
            "value": 0.45688948453718015,
            "min": 0.34030510939896164,
            "max": 15.09940006060237,
            "count": 250
        },
        "default.Losses.Q2Loss.mean": {
            "value": 0.002255238617320281,
            "min": 0.0016549642550161944,
            "max": 0.042277740703103125,
            "count": 250
        },
        "default.Losses.Q2Loss.sum": {
            "value": 0.44879248484673595,
            "min": 0.3243729939831741,
            "max": 8.413270399917522,
            "count": 250
        },
        "default.Policy.ContinuousEntropyCoeff.mean": {
            "value": 0.001036563452854663,
            "min": 0.0005151693115655775,
            "max": 0.009746227412082462,
            "count": 250
        },
        "default.Policy.ContinuousEntropyCoeff.sum": {
            "value": 0.2062761271180779,
            "min": 0.10200352368998433,
            "max": 1.8615294357077503,
            "count": 250
        },
        "default.Policy.LearningRate.mean": {
            "value": 0.00030000000000000003,
            "min": 0.0002999999999999999,
            "max": 0.00030000000000000003,
            "count": 250
        },
        "default.Policy.LearningRate.sum": {
            "value": 0.0597,
            "min": 0.057,
            "max": 0.0657,
            "count": 250
        },
        "default.Environment.EpisodeLength.mean": {
            "value": 155.0,
            "min": 16.273504273504273,
            "max": 199.0,
            "count": 250
        },
        "default.Environment.EpisodeLength.sum": {
            "value": 1860.0,
            "min": 873.0,
            "max": 3102.0,
            "count": 250
        },
        "default.Environment.CumulativeReward.mean": {
            "value": 1.0,
            "min": -0.34615384615384615,
            "max": 2.857142857142857,
            "count": 250
        },
        "default.Environment.CumulativeReward.sum": {
            "value": 12.0,
            "min": -13.5,
            "max": 76.0,
            "count": 250
        },
        "default.Policy.ExtrinsicReward.mean": {
            "value": 1.0,
            "min": -0.34615384615384615,
            "max": 2.857142857142857,
            "count": 250
        },
        "default.Policy.ExtrinsicReward.sum": {
            "value": 12.0,
            "min": -13.5,
            "max": 76.0,
            "count": 250
        },
        "default.IsTraining.mean": {
            "value": 1.0,
            "min": 1.0,
            "max": 1.0,
            "count": 250
        },
        "default.IsTraining.sum": {
            "value": 1.0,
            "min": 1.0,
            "max": 1.0,
            "count": 250
        }
    },
    "metadata": {
        "timer_format_version": "0.1.0",
        "start_time_seconds": "1616681125",
        "python_version": "3.7.0 (v3.7.0:1bf9cc5093, Jun 27 2018, 04:59:51) [MSC v.1914 64 bit (AMD64)]",
        "command_line_arguments": "C:\\Users\\vanre\\AppData\\Local\\Programs\\Python\\Python37\\Scripts\\mlagents-learn .\\Trainers\\SAC_Default.yaml --run-id=SAC_128-50000_HM --force",
        "mlagents_version": "0.24.0",
        "mlagents_envs_version": "0.24.0",
        "communication_protocol_version": "1.4.0",
        "pytorch_version": "1.7.0+cu110",
        "numpy_version": "1.18.1",
        "end_time_seconds": "1616682206"
    },
    "total": 1080.9767054000001,
    "count": 1,
    "self": 0.004507400000193229,
    "children": {
        "run_training.setup": {
            "total": 0.11767749999999999,
            "count": 1,
            "self": 0.11767749999999999
        },
        "TrainerController.start_learning": {
            "total": 1080.8545205,
            "count": 1,
            "self": 0.6952993000129482,
            "children": {
                "TrainerController._reset_env": {
                    "total": 35.322717,
                    "count": 1,
                    "self": 35.322717
                },
                "TrainerController.advance": {
                    "total": 1044.7817012999872,
                    "count": 34908,
                    "self": 0.31156059999079844,
                    "children": {
                        "env_step": {
                            "total": 1044.4701406999964,
                            "count": 34908,
                            "self": 956.7949438999881,
                            "children": {
                                "SubprocessEnvManager._take_step": {
                                    "total": 87.3742482000073,
                                    "count": 34908,
                                    "self": 1.4304348000099054,
                                    "children": {
                                        "TorchPolicy.evaluate": {
                                            "total": 85.9438133999974,
                                            "count": 31267,
                                            "self": 33.56107070000375,
                                            "children": {
                                                "TorchPolicy.sample_actions": {
                                                    "total": 52.38274269999365,
                                                    "count": 31267,
                                                    "self": 52.38274269999365
                                                }
                                            }
                                        }
                                    }
                                },
                                "workers": {
                                    "total": 0.30094860000092893,
                                    "count": 34908,
                                    "self": 0.0,
                                    "children": {
                                        "worker_root": {
                                            "total": 1045.378425200002,
                                            "count": 34908,
                                            "is_parallel": true,
                                            "self": 366.8353628000152,
                                            "children": {
                                                "steps_from_proto": {
                                                    "total": 0.00047359999999940783,
                                                    "count": 1,
                                                    "is_parallel": true,
                                                    "self": 8.490000000449527e-05,
                                                    "children": {
                                                        "_process_vector_observation": {
                                                            "total": 0.00038869999999491256,
                                                            "count": 4,
                                                            "is_parallel": true,
                                                            "self": 0.00038869999999491256
                                                        }
                                                    }
                                                },
                                                "UnityEnvironment.step": {
                                                    "total": 678.5425887999869,
                                                    "count": 34908,
                                                    "is_parallel": true,
                                                    "self": 4.756171299975335,
                                                    "children": {
                                                        "UnityEnvironment._generate_step_input": {
                                                            "total": 5.778192800012597,
                                                            "count": 34908,
                                                            "is_parallel": true,
                                                            "self": 5.778192800012597
                                                        },
                                                        "communicator.exchange": {
                                                            "total": 654.0352588000035,
                                                            "count": 34908,
                                                            "is_parallel": true,
                                                            "self": 654.0352588000035
                                                        },
                                                        "steps_from_proto": {
                                                            "total": 13.97296589999548,
                                                            "count": 34908,
                                                            "is_parallel": true,
                                                            "self": 2.323696199988838,
                                                            "children": {
                                                                "_process_vector_observation": {
                                                                    "total": 11.649269700006641,
                                                                    "count": 139632,
                                                                    "is_parallel": true,
                                                                    "self": 11.649269700006641
                                                                }
                                                            }
                                                        }
                                                    }
                                                }
                                            }
                                        }
                                    }
                                }
                            }
                        }
                    }
                },
                "trainer_threads": {
                    "total": 5.249999981060682e-05,
                    "count": 1,
                    "self": 5.249999981060682e-05,
                    "children": {
                        "thread_root": {
                            "total": 0.0,
                            "count": 0,
                            "is_parallel": true,
                            "self": 0.0,
                            "children": {
                                "trainer_advance": {
                                    "total": 1045.4563014999992,
                                    "count": 2631,
                                    "is_parallel": true,
                                    "self": 0.2277476999990995,
                                    "children": {
                                        "process_trajectory": {
                                            "total": 112.44176380000084,
                                            "count": 2631,
                                            "is_parallel": true,
                                            "self": 112.38141620000073,
                                            "children": {
                                                "RLTrainer._checkpoint": {
                                                    "total": 0.060347600000113744,
                                                    "count": 1,
                                                    "is_parallel": true,
                                                    "self": 0.060347600000113744
                                                }
                                            }
                                        },
                                        "_update_policy": {
                                            "total": 932.7867899999992,
                                            "count": 2553,
                                            "is_parallel": true,
                                            "self": 0.051062899998782996,
                                            "children": {
                                                "SACTrainer._update_policy": {
                                                    "total": 932.7357271000004,
                                                    "count": 2553,
                                                    "is_parallel": true,
                                                    "self": 154.85661880001635,
                                                    "children": {
                                                        "TorchSACOptimizer.update": {
                                                            "total": 777.8791082999841,
                                                            "count": 49994,
                                                            "is_parallel": true,
                                                            "self": 777.8791082999841
                                                        }
                                                    }
                                                }
                                            }
                                        }
                                    }
                                }
                            }
                        }
                    }
                },
                "TrainerController._save_models": {
                    "total": 0.05475040000010267,
                    "count": 1,
                    "self": 0.011031300000013289,
                    "children": {
                        "RLTrainer._checkpoint": {
                            "total": 0.043719100000089384,
                            "count": 1,
                            "self": 0.043719100000089384
                        }
                    }
                }
            }
        }
    }
}