{
    "default": {
        "checkpoints": [
            {
                "steps": 499991,
                "file_path": "results\\SAC_128-50000_HM\\default\\default-499991.onnx",
                "reward": null,
                "creation_time": 1616682206.1908448
            },
            {
                "steps": 500134,
                "file_path": "results\\SAC_128-50000_HM\\default\\default-500134.onnx",
                "reward": 2.0,
                "creation_time": 1616682206.3439832
            }
        ],
        "final_checkpoint": {
            "steps": 500134,
            "file_path": "results\\SAC_128-50000_HM\\default.onnx",
            "reward": 2.0,
            "creation_time": 1616682206.3439832
        }
    },
    "metadata": {
        "stats_format_version": "0.2.0",
        "mlagents_version": "0.24.0",
        "torch_version": "1.7.0+cu110"
    }
}