{
    "name": "root",
    "gauges": {
        "default.Policy.Entropy.mean": {
            "value": -0.5203825831413269,
            "min": -0.6522017121315002,
            "max": 1.2231743335723877,
            "count": 250
        },
        "default.Policy.Entropy.sum": {
            "value": -1132.3525390625,
            "min": -1324.312255859375,
            "max": 2642.056640625,
            "count": 250
        },
        "default.HeatMap_Heat:SpawnLoc_0.mean": {
            "value": 0.5,
            "min": 0.4950004816055298,
            "max": 1.0,
            "count": 249
        },
        "default.HeatMap_Heat:SpawnLoc_0.sum": {
            "value": 3.5,
            "min": 0.5,
            "max": 44.92500579357147,
            "count": 249
        },
        "default.HeatMap_TimesSpawned:SpawnLoc_0.mean": {
            "value": 324.85714285714283,
            "min": 1.40625,
            "max": 324.85714285714283,
            "count": 249
        },
        "default.HeatMap_TimesSpawned:SpawnLoc_0.sum": {
            "value": 2274.0,
            "min": 45.0,
            "max": 4046.0,
            "count": 249
        },
        "default.HeatMap_Heat:SpawnLoc_1.mean": {
            "value": 0.5,
            "min": 0.49821445771626066,
            "max": 1.0,
            "count": 249
        },
        "default.HeatMap_Heat:SpawnLoc_1.sum": {
            "value": 3.5,
            "min": 0.5,
            "max": 47.535003304481506,
            "count": 249
        },
        "default.HeatMap_TimesSpawned:SpawnLoc_1.mean": {
            "value": 384.85714285714283,
            "min": 2.34375,
            "max": 384.85714285714283,
            "count": 249
        },
        "default.HeatMap_TimesSpawned:SpawnLoc_1.sum": {
            "value": 2694.0,
            "min": 75.0,
            "max": 4786.0,
            "count": 249
        },
        "default.HeatMap_Heat:SpawnLoc_2.mean": {
            "value": 0.5,
            "min": 0.4950004816055298,
            "max": 1.0,
            "count": 249
        },
        "default.HeatMap_Heat:SpawnLoc_2.sum": {
            "value": 3.5,
            "min": 0.5,
            "max": 47.765003085136414,
            "count": 249
        },
        "default.HeatMap_TimesSpawned:SpawnLoc_2.mean": {
            "value": 322.57142857142856,
            "min": 1.6875,
            "max": 322.57142857142856,
            "count": 249
        },
        "default.HeatMap_TimesSpawned:SpawnLoc_2.sum": {
            "value": 2258.0,
            "min": 54.0,
            "max": 4000.0,
            "count": 249
        },
        "default.HeatMap_Heat:SpawnLoc_3.mean": {
            "value": 0.9900000095367432,
            "min": 0.9900000095367432,
            "max": 1.0,
            "count": 249
        },
        "default.HeatMap_Heat:SpawnLoc_3.sum": {
            "value": 6.930000066757202,
            "min": 0.9900000095367432,
            "max": 50.4900004863739,
            "count": 249
        },
        "default.HeatMap_TimesSpawned:SpawnLoc_3.mean": {
            "value": 561.7142857142857,
            "min": 1.96875,
            "max": 561.7142857142857,
            "count": 249
        },
        "default.HeatMap_TimesSpawned:SpawnLoc_3.sum": {
            "value": 3932.0,
            "min": 63.0,
            "max": 6910.0,
            "count": 249
        },
        "default.HeatMap_Heat:SpawnLoc_4.mean": {
            "value": 0.6200003623962402,
            "min": 0.6200003623962402,
            "max": 1.0,
            "count": 249
        },
        "default.HeatMap_Heat:SpawnLoc_4.sum": {
            "value": 4.340002536773682,
            "min": 0.6200003623962402,
            "max": 50.74500024318695,
            "count": 249
        },
        "default.HeatMap_TimesSpawned:SpawnLoc_4.mean": {
            "value": 445.42857142857144,
            "min": 3.1875,
            "max": 445.42857142857144,
            "count": 249
        },
        "default.HeatMap_TimesSpawned:SpawnLoc_4.sum": {
            "value": 3118.0,
            "min": 102.0,
            "max": 5474.0,
            "count": 249
        },
        "default.HeatMap_Heat:SpawnLoc_5.mean": {
            "value": 0.5,
            "min": 0.49772775173187256,
            "max": 0.9970312528312206,
            "count": 249
        },
        "default.HeatMap_Heat:SpawnLoc_5.sum": {
            "value": 3.5,
            "min": 0.5,
            "max": 47.93000292778015,
            "count": 249
        },
        "default.HeatMap_TimesSpawned:SpawnLoc_5.mean": {
            "value": 356.0,
            "min": 1.375,
            "max": 356.0,
            "count": 249
        },
        "default.HeatMap_TimesSpawned:SpawnLoc_5.sum": {
            "value": 2492.0,
            "min": 44.0,
            "max": 4507.0,
            "count": 249
        },
        "default.HeatMap_Heat:SpawnLoc_6.mean": {
            "value": 0.5,
            "min": 0.5,
            "max": 0.9934375062584877,
            "count": 249
        },
        "default.HeatMap_Heat:SpawnLoc_6.sum": {
            "value": 3.5,
            "min": 0.5,
            "max": 41.68000888824463,
            "count": 249
        },
        "default.HeatMap_TimesSpawned:SpawnLoc_6.mean": {
            "value": 352.7142857142857,
            "min": 2.40625,
            "max": 352.7142857142857,
            "count": 249
        },
        "default.HeatMap_TimesSpawned:SpawnLoc_6.sum": {
            "value": 2469.0,
            "min": 77.0,
            "max": 4416.0,
            "count": 249
        },
        "default.HeatMap_Heat:SpawnLoc_7.mean": {
            "value": 0.5,
            "min": 0.49541714787483215,
            "max": 0.9985937513411045,
            "count": 249
        },
        "default.HeatMap_Heat:SpawnLoc_7.sum": {
            "value": 3.5,
            "min": 0.5,
            "max": 45.295005440711975,
            "count": 249
        },
        "default.HeatMap_TimesSpawned:SpawnLoc_7.mean": {
            "value": 349.7142857142857,
            "min": 1.59375,
            "max": 349.7142857142857,
            "count": 249
        },
        "default.HeatMap_TimesSpawned:SpawnLoc_7.sum": {
            "value": 2448.0,
            "min": 51.0,
            "max": 4368.0,
            "count": 249
        },
        "default.HeatMap_Heat:SpawnLoc_8.mean": {
            "value": 0.5,
            "min": 0.4950004816055298,
            "max": 0.991562508046627,
            "count": 249
        },
        "default.HeatMap_Heat:SpawnLoc_8.sum": {
            "value": 3.5,
            "min": 0.5,
            "max": 39.540010929107666,
            "count": 249
        },
        "default.HeatMap_TimesSpawned:SpawnLoc_8.mean": {
            "value": 353.7142857142857,
            "min": 2.21875,
            "max": 353.7142857142857,
            "count": 249
        },
        "default.HeatMap_TimesSpawned:SpawnLoc_8.sum": {
            "value": 2476.0,
            "min": 71.0,
            "max": 4371.0,
            "count": 249
        },
        "default.HeatMap_Heat:SpawnLoc_9.mean": {
            "value": 0.9900000095367432,
            "min": 0.9900000095367432,
            "max": 1.0,
            "count": 249
        },
        "default.HeatMap_Heat:SpawnLoc_9.sum": {
            "value": 6.930000066757202,
            "min": 0.9900000095367432,
            "max": 51.0,
            "count": 249
        },
        "default.HeatMap_TimesSpawned:SpawnLoc_9.mean": {
            "value": 562.0,
            "min": 2.0,
            "max": 562.0,
            "count": 249
        },
        "default.HeatMap_TimesSpawned:SpawnLoc_9.sum": {
            "value": 3934.0,
            "min": 64.0,
            "max": 7046.0,
            "count": 249
        },
        "default.HeatMap_Heat:SpawnLoc_10.mean": {
            "value": 0.8050001859664917,
            "min": 0.8050001859664917,
            "max": 0.9981250017881393,
            "count": 249
        },
        "default.HeatMap_Heat:SpawnLoc_10.sum": {
            "value": 5.635001301765442,
            "min": 0.8050001859664917,
            "max": 50.74500024318695,
            "count": 249
        },
        "default.HeatMap_TimesSpawned:SpawnLoc_10.mean": {
            "value": 472.0,
            "min": 2.0,
            "max": 472.0,
            "count": 249
        },
        "default.HeatMap_TimesSpawned:SpawnLoc_10.sum": {
            "value": 3304.0,
            "min": 64.0,
            "max": 5855.0,
            "count": 249
        },
        "default.HeatMap_Heat:SpawnLoc_11.mean": {
            "value": 1.0,
            "min": 1.0,
            "max": 1.0,
            "count": 249
        },
        "default.HeatMap_Heat:SpawnLoc_11.sum": {
            "value": 7.0,
            "min": 1.0,
            "max": 51.0,
            "count": 249
        },
        "default.HeatMap_TimesSpawned:SpawnLoc_11.mean": {
            "value": 595.2857142857143,
            "min": 1.5,
            "max": 595.2857142857143,
            "count": 249
        },
        "default.HeatMap_TimesSpawned:SpawnLoc_11.sum": {
            "value": 4167.0,
            "min": 48.0,
            "max": 7347.0,
            "count": 249
        },
        "default.Environment.EpisodeLength.mean": {
            "value": 119.125,
            "min": 15.5,
            "max": 199.0,
            "count": 250
        },
        "default.Environment.EpisodeLength.sum": {
            "value": 1906.0,
            "min": 723.0,
            "max": 3041.0,
            "count": 250
        },
        "default.Policy.ExtrinsicValue.mean": {
            "value": -0.0647956132888794,
            "min": -0.37845760583877563,
            "max": 0.821435809135437,
            "count": 250
        },
        "default.Policy.ExtrinsicValue.sum": {
            "value": -13.218305587768555,
            "min": -76.06997680664062,
            "max": 170.858642578125,
            "count": 250
        },
        "default.Environment.CumulativeReward.mean": {
            "value": 1.8823529411764706,
            "min": -0.06578947368421052,
            "max": 3.230769230769231,
            "count": 250
        },
        "default.Environment.CumulativeReward.sum": {
            "value": 32.0,
            "min": -7.5,
            "max": 145.0,
            "count": 250
        },
        "default.Policy.ExtrinsicReward.mean": {
            "value": 1.8823529411764706,
            "min": -0.06578947368421052,
            "max": 3.230769230769231,
            "count": 250
        },
        "default.Policy.ExtrinsicReward.sum": {
            "value": 32.0,
            "min": -7.5,
            "max": 145.0,
            "count": 250
        },
        "default.Losses.PolicyLoss.mean": {
            "value": 0.21165869882538435,
            "min": -0.42244100372065196,
            "max": 0.26693639851855716,
            "count": 250
        },
        "default.Losses.PolicyLoss.sum": {
            "value": 45.71827894628302,
            "min": -88.58894520624713,
            "max": 53.120343305192876,
            "count": 250
        },
        "default.Losses.ValueLoss.mean": {
            "value": 7.628799501128433e-05,
            "min": 6.455108584262012e-05,
            "max": 0.01206889246357921,
            "count": 250
        },
        "default.Losses.ValueLoss.sum": {
            "value": 0.016478206922437413,
            "min": 0.012652012825153543,
            "max": 2.29308956808005,
            "count": 250
        },
        "default.Losses.Q1Loss.mean": {
            "value": 0.0001542833284801207,
            "min": 0.0001542833284801207,
            "max": 0.05902819564589348,
            "count": 250
        },
        "default.Losses.Q1Loss.sum": {
            "value": 0.03332519895170607,
            "min": 0.031135717531639896,
            "max": 11.569526346595122,
            "count": 250
        },
        "default.Losses.Q2Loss.mean": {
            "value": 0.00016355180489666687,
            "min": 0.00015857527667157895,
            "max": 0.15733469532398245,
            "count": 250
        },
        "default.Losses.Q2Loss.sum": {
            "value": 0.03532718985768005,
            "min": 0.031556480057644214,
            "max": 29.893592111556664,
            "count": 250
        },
        "default.Policy.ContinuousEntropyCoeff.mean": {
            "value": 0.0005639958372846724,
            "min": 0.0003801055922418378,
            "max": 0.00974700043366113,
            "count": 250
        },
        "default.Policy.ContinuousEntropyCoeff.sum": {
            "value": 0.12182310085348926,
            "min": 0.07450069607940021,
            "max": 1.8606457086282875,
            "count": 250
        },
        "default.Policy.LearningRate.mean": {
            "value": 0.0003,
            "min": 0.0002999999999999999,
            "max": 0.00030000000000000003,
            "count": 250
        },
        "default.Policy.LearningRate.sum": {
            "value": 0.0648,
            "min": 0.0567,
            "max": 0.0657,
            "count": 250
        },
        "default.IsTraining.mean": {
            "value": 1.0,
            "min": 1.0,
            "max": 1.0,
            "count": 250
        },
        "default.IsTraining.sum": {
            "value": 1.0,
            "min": 1.0,
            "max": 1.0,
            "count": 250
        }
    },
    "metadata": {
        "timer_format_version": "0.1.0",
        "start_time_seconds": "1616684075",
        "python_version": "3.7.0 (v3.7.0:1bf9cc5093, Jun 27 2018, 04:59:51) [MSC v.1914 64 bit (AMD64)]",
        "command_line_arguments": "C:\\Users\\vanre\\AppData\\Local\\Programs\\Python\\Python37\\Scripts\\mlagents-learn .\\Trainers\\SAC_Default.yaml --run-id=SAC_216-20000_HM --force",
        "mlagents_version": "0.24.0",
        "mlagents_envs_version": "0.24.0",
        "communication_protocol_version": "1.4.0",
        "pytorch_version": "1.7.0+cu110",
        "numpy_version": "1.18.1",
        "end_time_seconds": "1616685285"
    },
    "total": 1210.4298343,
    "count": 1,
    "self": 0.004288800000040283,
    "children": {
        "run_training.setup": {
            "total": 0.1208939,
            "count": 1,
            "self": 0.1208939
        },
        "TrainerController.start_learning": {
            "total": 1210.3046516,
            "count": 1,
            "self": 0.628848300003483,
            "children": {
                "TrainerController._reset_env": {
                    "total": 5.4780429,
                    "count": 1,
                    "self": 5.4780429
                },
                "TrainerController.advance": {
                    "total": 1204.1459525999965,
                    "count": 35152,
                    "self": 0.3033583999963412,
                    "children": {
                        "env_step": {
                            "total": 1203.8425942000001,
                            "count": 35152,
                            "self": 1110.2272145000004,
                            "children": {
                                "SubprocessEnvManager._take_step": {
                                    "total": 93.30378060000677,
                                    "count": 35152,
                                    "self": 1.4435391000047275,
                                    "children": {
                                        "TorchPolicy.evaluate": {
                                            "total": 91.86024150000205,
                                            "count": 31269,
                                            "self": 32.33430530001525,
                                            "children": {
                                                "TorchPolicy.sample_actions": {
                                                    "total": 59.525936199986795,
                                                    "count": 31269,
                                                    "self": 59.525936199986795
                                                }
                                            }
                                        }
                                    }
                                },
                                "workers": {
                                    "total": 0.3115990999929741,
                                    "count": 35152,
                                    "self": 0.0,
                                    "children": {
                                        "worker_root": {
                                            "total": 1204.7791767999893,
                                            "count": 35152,
                                            "is_parallel": true,
                                            "self": 528.7471134999937,
                                            "children": {
                                                "steps_from_proto": {
                                                    "total": 0.0004563000000006312,
                                                    "count": 1,
                                                    "is_parallel": true,
                                                    "self": 7.00000000000145e-05,
                                                    "children": {
                                                        "_process_vector_observation": {
                                                            "total": 0.0003863000000006167,
                                                            "count": 4,
                                                            "is_parallel": true,
                                                            "self": 0.0003863000000006167
                                                        }
                                                    }
                                                },
                                                "UnityEnvironment.step": {
                                                    "total": 676.0316069999956,
                                                    "count": 35152,
                                                    "is_parallel": true,
                                                    "self": 5.06972659999974,
                                                    "children": {
                                                        "UnityEnvironment._generate_step_input": {
                                                            "total": 6.310817400010116,
                                                            "count": 35152,
                                                            "is_parallel": true,
                                                            "self": 6.310817400010116
                                                        },
                                                        "communicator.exchange": {
                                                            "total": 650.1364936999958,
                                                            "count": 35152,
                                                            "is_parallel": true,
                                                            "self": 650.1364936999958
                                                        },
                                                        "steps_from_proto": {
                                                            "total": 14.514569299989924,
                                                            "count": 35152,
                                                            "is_parallel": true,
                                                            "self": 2.373468699990907,
                                                            "children": {
                                                                "_process_vector_observation": {
                                                                    "total": 12.141100599999017,
                                                                    "count": 140608,
                                                                    "is_parallel": true,
                                                                    "self": 12.141100599999017
                                                                }
                                                            }
                                                        }
                                                    }
                                                }
                                            }
                                        }
                                    }
                                }
                            }
                        }
                    }
                },
                "trainer_threads": {
                    "total": 4.190000004200556e-05,
                    "count": 1,
                    "self": 4.190000004200556e-05,
                    "children": {
                        "thread_root": {
                            "total": 0.0,
                            "count": 0,
                            "is_parallel": true,
                            "self": 0.0,
                            "children": {
                                "trainer_advance": {
                                    "total": 1204.7529743999985,
                                    "count": 2658,
                                    "is_parallel": true,
                                    "self": 0.1766557000003104,
                                    "children": {
                                        "process_trajectory": {
                                            "total": 124.76759429999917,
                                            "count": 2658,
                                            "is_parallel": true,
                                            "self": 124.70296229999933,
                                            "children": {
                                                "RLTrainer._checkpoint": {
                                                    "total": 0.06463199999984681,
                                                    "count": 1,
                                                    "is_parallel": true,
                                                    "self": 0.06463199999984681
                                                }
                                            }
                                        },
                                        "_update_policy": {
                                            "total": 1079.808724399999,
                                            "count": 2564,
                                            "is_parallel": true,
                                            "self": 0.05361990000142214,
                                            "children": {
                                                "SACTrainer._update_policy": {
                                                    "total": 1079.7551044999975,
                                                    "count": 2564,
                                                    "is_parallel": true,
                                                    "self": 282.6717822999991,
                                                    "children": {
                                                        "TorchSACOptimizer.update": {
                                                            "total": 797.0833221999984,
                                                            "count": 49996,
                                                            "is_parallel": true,
                                                            "self": 797.0833221999984
                                                        }
                                                    }
                                                }
                                            }
                                        }
                                    }
                                }
                            }
                        }
                    }
                },
                "TrainerController._save_models": {
                    "total": 0.05176589999996395,
                    "count": 1,
                    "self": 0.011867299999948955,
                    "children": {
                        "RLTrainer._checkpoint": {
                            "total": 0.039898600000014994,
                            "count": 1,
                            "self": 0.039898600000014994
                        }
                    }
                }
            }
        }
    }
}