{
    "default": {
        "checkpoints": [
            {
                "steps": 499996,
                "file_path": "results\\SAC_216-20000_HM\\default\\default-499996.onnx",
                "reward": 0.0,
                "creation_time": 1616685285.7752738
            },
            {
                "steps": 500166,
                "file_path": "results\\SAC_216-20000_HM\\default\\default-500166.onnx",
                "reward": 0.0,
                "creation_time": 1616685285.8732777
            }
        ],
        "final_checkpoint": {
            "steps": 500166,
            "file_path": "results\\SAC_216-20000_HM\\default.onnx",
            "reward": 0.0,
            "creation_time": 1616685285.8732777
        }
    },
    "metadata": {
        "stats_format_version": "0.2.0",
        "mlagents_version": "0.24.0",
        "torch_version": "1.7.0+cu110"
    }
}