{
    "name": "root",
    "metadata": {
        "timer_format_version": "0.1.0",
        "start_time_seconds": "1616154436",
        "python_version": "3.7.0 (v3.7.0:1bf9cc5093, Jun 27 2018, 04:59:51) [MSC v.1914 64 bit (AMD64)]",
        "command_line_arguments": "C:\\Users\\vanre\\AppData\\Local\\Programs\\Python\\Python37\\Scripts\\mlagents-learn --run-id=PPO_WO_HM_ --force",
        "mlagents_version": "0.24.0",
        "mlagents_envs_version": "0.24.0",
        "communication_protocol_version": "1.4.0",
        "pytorch_version": "1.7.0+cu110",
        "numpy_version": "1.18.1",
        "end_time_seconds": "1616154439"
    },
    "total": 2.5260808,
    "count": 1,
    "self": 0.002337699999999998,
    "children": {
        "run_training.setup": {
            "total": 0.11732280000000006,
            "count": 1,
            "self": 0.11732280000000006
        },
        "TrainerController.start_learning": {
            "total": 2.4064202999999997,
            "count": 1,
            "self": 0.0004169000000002754,
            "children": {
                "TrainerController._reset_env": {
                    "total": 2.4058821,
                    "count": 1,
                    "self": 2.4058821
                },
                "trainer_threads": {
                    "total": 8.999999998593466e-07,
                    "count": 1,
                    "self": 8.999999998593466e-07
                },
                "TrainerController._save_models": {
                    "total": 0.00012039999999968742,
                    "count": 1,
                    "self": 0.00012039999999968742
                }
            }
        }
    }
}