{
    "name": "root",
    "gauges": {
        "default.Policy.Entropy.mean": {
            "value": 0.32830896973609924,
            "min": 0.321241170167923,
            "max": 1.196215033531189,
            "count": 250
        },
        "default.Policy.Entropy.sum": {
            "value": 646.112060546875,
            "min": 627.062744140625,
            "max": 2602.9638671875,
            "count": 250
        },
        "default.HeatMap_Heat:SpawnLoc_0.mean": {
            "value": 0.5,
            "min": 0.4950004816055298,
            "max": 1.0,
            "count": 248
        },
        "default.HeatMap_Heat:SpawnLoc_0.sum": {
            "value": 5.5,
            "min": 0.5,
            "max": 27.0,
            "count": 248
        },
        "default.HeatMap_TimesSpawned:SpawnLoc_0.mean": {
            "value": 405.45454545454544,
            "min": 1.037037037037037,
            "max": 405.45454545454544,
            "count": 248
        },
        "default.HeatMap_TimesSpawned:SpawnLoc_0.sum": {
            "value": 4460.0,
            "min": 28.0,
            "max": 12760.0,
            "count": 248
        },
        "default.HeatMap_Heat:SpawnLoc_1.mean": {
            "value": 0.5,
            "min": 0.49666698773701984,
            "max": 1.0,
            "count": 248
        },
        "default.HeatMap_Heat:SpawnLoc_1.sum": {
            "value": 5.5,
            "min": 0.5,
            "max": 27.0,
            "count": 248
        },
        "default.HeatMap_TimesSpawned:SpawnLoc_1.mean": {
            "value": 418.90909090909093,
            "min": 1.0740740740740742,
            "max": 418.90909090909093,
            "count": 248
        },
        "default.HeatMap_TimesSpawned:SpawnLoc_1.sum": {
            "value": 4608.0,
            "min": 29.0,
            "max": 13201.0,
            "count": 248
        },
        "default.HeatMap_Heat:SpawnLoc_2.mean": {
            "value": 0.5,
            "min": 0.4962504804134369,
            "max": 0.9981481499142117,
            "count": 248
        },
        "default.HeatMap_Heat:SpawnLoc_2.sum": {
            "value": 5.5,
            "min": 0.5,
            "max": 26.950000047683716,
            "count": 248
        },
        "default.HeatMap_TimesSpawned:SpawnLoc_2.mean": {
            "value": 367.54545454545456,
            "min": 0.6666666666666666,
            "max": 367.54545454545456,
            "count": 248
        },
        "default.HeatMap_TimesSpawned:SpawnLoc_2.sum": {
            "value": 4043.0,
            "min": 18.0,
            "max": 11527.0,
            "count": 248
        },
        "default.HeatMap_Heat:SpawnLoc_3.mean": {
            "value": 1.0,
            "min": 1.0,
            "max": 1.0,
            "count": 248
        },
        "default.HeatMap_Heat:SpawnLoc_3.sum": {
            "value": 11.0,
            "min": 1.0,
            "max": 32.0,
            "count": 248
        },
        "default.HeatMap_TimesSpawned:SpawnLoc_3.mean": {
            "value": 590.0,
            "min": 0.2222222222222222,
            "max": 590.0,
            "count": 248
        },
        "default.HeatMap_TimesSpawned:SpawnLoc_3.sum": {
            "value": 6490.0,
            "min": 6.0,
            "max": 18438.0,
            "count": 248
        },
        "default.HeatMap_Heat:SpawnLoc_4.mean": {
            "value": 0.5,
            "min": 0.4953338146209717,
            "max": 1.0,
            "count": 248
        },
        "default.HeatMap_Heat:SpawnLoc_4.sum": {
            "value": 5.5,
            "min": 0.7800002098083496,
            "max": 27.0,
            "count": 248
        },
        "default.HeatMap_TimesSpawned:SpawnLoc_4.mean": {
            "value": 499.0,
            "min": 1.0,
            "max": 499.0,
            "count": 248
        },
        "default.HeatMap_TimesSpawned:SpawnLoc_4.sum": {
            "value": 5489.0,
            "min": 27.0,
            "max": 15751.0,
            "count": 248
        },
        "default.HeatMap_Heat:SpawnLoc_5.mean": {
            "value": 0.5,
            "min": 0.4977779918246799,
            "max": 1.0,
            "count": 248
        },
        "default.HeatMap_Heat:SpawnLoc_5.sum": {
            "value": 5.5,
            "min": 0.5,
            "max": 27.0,
            "count": 248
        },
        "default.HeatMap_TimesSpawned:SpawnLoc_5.mean": {
            "value": 347.0,
            "min": 0.07407407407407407,
            "max": 347.0,
            "count": 248
        },
        "default.HeatMap_TimesSpawned:SpawnLoc_5.sum": {
            "value": 3817.0,
            "min": 2.0,
            "max": 10924.0,
            "count": 248
        },
        "default.HeatMap_Heat:SpawnLoc_6.mean": {
            "value": 0.5,
            "min": 0.49583373467127484,
            "max": 0.9979629649056329,
            "count": 248
        },
        "default.HeatMap_Heat:SpawnLoc_6.sum": {
            "value": 5.5,
            "min": 0.5650004148483276,
            "max": 26.945000052452087,
            "count": 248
        },
        "default.HeatMap_TimesSpawned:SpawnLoc_6.mean": {
            "value": 477.09090909090907,
            "min": 1.4444444444444444,
            "max": 477.09090909090907,
            "count": 248
        },
        "default.HeatMap_TimesSpawned:SpawnLoc_6.sum": {
            "value": 5248.0,
            "min": 39.0,
            "max": 15032.0,
            "count": 248
        },
        "default.HeatMap_Heat:SpawnLoc_7.mean": {
            "value": 0.5,
            "min": 0.4950004816055298,
            "max": 0.9964814848370023,
            "count": 248
        },
        "default.HeatMap_Heat:SpawnLoc_7.sum": {
            "value": 5.5,
            "min": 0.5,
            "max": 26.90500009059906,
            "count": 248
        },
        "default.HeatMap_TimesSpawned:SpawnLoc_7.mean": {
            "value": 335.0,
            "min": 1.7407407407407407,
            "max": 335.0,
            "count": 248
        },
        "default.HeatMap_TimesSpawned:SpawnLoc_7.sum": {
            "value": 3685.0,
            "min": 47.0,
            "max": 10552.0,
            "count": 248
        },
        "default.HeatMap_Heat:SpawnLoc_8.mean": {
            "value": 0.5,
            "min": 0.49722270170847577,
            "max": 0.9951851897769504,
            "count": 248
        },
        "default.HeatMap_Heat:SpawnLoc_8.sum": {
            "value": 5.5,
            "min": 0.5,
            "max": 26.87000012397766,
            "count": 248
        },
        "default.HeatMap_TimesSpawned:SpawnLoc_8.mean": {
            "value": 372.6363636363636,
            "min": 1.8148148148148149,
            "max": 372.6363636363636,
            "count": 248
        },
        "default.HeatMap_TimesSpawned:SpawnLoc_8.sum": {
            "value": 4099.0,
            "min": 49.0,
            "max": 11624.0,
            "count": 248
        },
        "default.HeatMap_Heat:SpawnLoc_9.mean": {
            "value": 0.9750000238418579,
            "min": 0.9750000238418579,
            "max": 1.0,
            "count": 248
        },
        "default.HeatMap_Heat:SpawnLoc_9.sum": {
            "value": 10.725000262260437,
            "min": 0.9750000238418579,
            "max": 31.200000762939453,
            "count": 248
        },
        "default.HeatMap_TimesSpawned:SpawnLoc_9.mean": {
            "value": 597.0909090909091,
            "min": 1.037037037037037,
            "max": 597.0909090909091,
            "count": 248
        },
        "default.HeatMap_TimesSpawned:SpawnLoc_9.sum": {
            "value": 6568.0,
            "min": 28.0,
            "max": 18759.0,
            "count": 248
        },
        "default.HeatMap_Heat:SpawnLoc_10.mean": {
            "value": 0.5,
            "min": 0.5,
            "max": 1.0,
            "count": 248
        },
        "default.HeatMap_Heat:SpawnLoc_10.sum": {
            "value": 5.5,
            "min": 0.9450000524520874,
            "max": 27.0,
            "count": 248
        },
        "default.HeatMap_TimesSpawned:SpawnLoc_10.mean": {
            "value": 523.8181818181819,
            "min": 2.037037037037037,
            "max": 523.8181818181819,
            "count": 248
        },
        "default.HeatMap_TimesSpawned:SpawnLoc_10.sum": {
            "value": 5762.0,
            "min": 55.0,
            "max": 16531.0,
            "count": 248
        },
        "default.HeatMap_Heat:SpawnLoc_11.mean": {
            "value": 0.9450000524520874,
            "min": 0.9450000524520874,
            "max": 1.0,
            "count": 248
        },
        "default.HeatMap_Heat:SpawnLoc_11.sum": {
            "value": 10.395000576972961,
            "min": 0.9450000524520874,
            "max": 30.240001678466797,
            "count": 248
        },
        "default.HeatMap_TimesSpawned:SpawnLoc_11.mean": {
            "value": 571.2727272727273,
            "min": 0.8148148148148148,
            "max": 571.2727272727273,
            "count": 248
        },
        "default.HeatMap_TimesSpawned:SpawnLoc_11.sum": {
            "value": 6284.0,
            "min": 22.0,
            "max": 18020.0,
            "count": 248
        },
        "default.Policy.ExtrinsicValue.mean": {
            "value": 0.12015476077795029,
            "min": -0.3254934251308441,
            "max": 1.2181379795074463,
            "count": 250
        },
        "default.Policy.ExtrinsicValue.sum": {
            "value": 24.751880645751953,
            "min": -75.18898010253906,
            "max": 250.93643188476562,
            "count": 250
        },
        "default.Environment.EpisodeLength.mean": {
            "value": 87.6470588235294,
            "min": 15.421875,
            "max": 199.0,
            "count": 250
        },
        "default.Environment.EpisodeLength.sum": {
            "value": 1490.0,
            "min": 839.0,
            "max": 3144.0,
            "count": 250
        },
        "default.Environment.CumulativeReward.mean": {
            "value": 2.4705882352941178,
            "min": -0.4166666666666667,
            "max": 3.185185185185185,
            "count": 250
        },
        "default.Environment.CumulativeReward.sum": {
            "value": 42.0,
            "min": -45.0,
            "max": 124.0,
            "count": 250
        },
        "default.Policy.ExtrinsicReward.mean": {
            "value": 2.4705882352941178,
            "min": -0.4166666666666667,
            "max": 3.185185185185185,
            "count": 250
        },
        "default.Policy.ExtrinsicReward.sum": {
            "value": 42.0,
            "min": -45.0,
            "max": 124.0,
            "count": 250
        },
        "default.Losses.PolicyLoss.mean": {
            "value": -0.6017464389047744,
            "min": -0.6928714230208909,
            "max": 0.14664745267190413,
            "count": 250
        },
        "default.Losses.PolicyLoss.sum": {
            "value": -116.73880914752624,
            "min": -146.66084494683128,
            "max": 27.945041900630567,
            "count": 250
        },
        "default.Losses.ValueLoss.mean": {
            "value": 0.00039569026722959395,
            "min": 0.00036811665887453684,
            "max": 0.07406276607645257,
            "count": 250
        },
        "default.Losses.ValueLoss.sum": {
            "value": 0.07676391184254122,
            "min": 0.07232556658460568,
            "max": 14.071925554525988,
            "count": 250
        },
        "default.Losses.Q1Loss.mean": {
            "value": 0.003549985020085102,
            "min": 0.0029986114872611646,
            "max": 0.09864174429740313,
            "count": 250
        },
        "default.Losses.Q1Loss.sum": {
            "value": 0.6886970938965098,
            "min": 0.5907264629904494,
            "max": 18.741931416506596,
            "count": 250
        },
        "default.Losses.Q2Loss.mean": {
            "value": 0.0033746982703341056,
            "min": 0.0028568997120923265,
            "max": 0.12580644623614157,
            "count": 250
        },
        "default.Losses.Q2Loss.sum": {
            "value": 0.6546914644448165,
            "min": 0.5628092432821883,
            "max": 23.903224784866897,
            "count": 250
        },
        "default.Policy.ContinuousEntropyCoeff.mean": {
            "value": 0.00093995991416048,
            "min": 0.0007468036698431396,
            "max": 0.009760580125287644,
            "count": 250
        },
        "default.Policy.ContinuousEntropyCoeff.sum": {
            "value": 0.18235222334713314,
            "min": 0.1471203229590985,
            "max": 1.8920578967937365,
            "count": 250
        },
        "default.Policy.LearningRate.mean": {
            "value": 0.0003,
            "min": 0.0002999999999999999,
            "max": 0.00030000000000000003,
            "count": 250
        },
        "default.Policy.LearningRate.sum": {
            "value": 0.058199999999999995,
            "min": 0.0561,
            "max": 0.0654,
            "count": 250
        },
        "default.IsTraining.mean": {
            "value": 1.0,
            "min": 1.0,
            "max": 1.0,
            "count": 250
        },
        "default.IsTraining.sum": {
            "value": 1.0,
            "min": 1.0,
            "max": 1.0,
            "count": 250
        }
    },
    "metadata": {
        "timer_format_version": "0.1.0",
        "start_time_seconds": "1616682450",
        "python_version": "3.7.0 (v3.7.0:1bf9cc5093, Jun 27 2018, 04:59:51) [MSC v.1914 64 bit (AMD64)]",
        "command_line_arguments": "C:\\Users\\vanre\\AppData\\Local\\Programs\\Python\\Python37\\Scripts\\mlagents-learn .\\Trainers\\SAC_Default.yaml --run-id=SAC_512-500000_HM --force",
        "mlagents_version": "0.24.0",
        "mlagents_envs_version": "0.24.0",
        "communication_protocol_version": "1.4.0",
        "pytorch_version": "1.7.0+cu110",
        "numpy_version": "1.18.1",
        "end_time_seconds": "1616683951"
    },
    "total": 1501.4805827,
    "count": 1,
    "self": 0.004314499999964028,
    "children": {
        "run_training.setup": {
            "total": 0.11786199999999991,
            "count": 1,
            "self": 0.11786199999999991
        },
        "TrainerController.start_learning": {
            "total": 1501.3584062,
            "count": 1,
            "self": 1.7036013000151797,
            "children": {
                "TrainerController._reset_env": {
                    "total": 6.100609199999999,
                    "count": 1,
                    "self": 6.100609199999999
                },
                "TrainerController.advance": {
                    "total": 1493.4956346999847,
                    "count": 35437,
                    "self": 0.3214011999657487,
                    "children": {
                        "env_step": {
                            "total": 1493.174233500019,
                            "count": 35437,
                            "self": 1365.8353091000045,
                            "children": {
                                "SubprocessEnvManager._take_step": {
                                    "total": 127.0122075000022,
                                    "count": 35437,
                                    "self": 1.543467799996975,
                                    "children": {
                                        "TorchPolicy.evaluate": {
                                            "total": 125.46873970000523,
                                            "count": 31265,
                                            "self": 44.875868800012384,
                                            "children": {
                                                "TorchPolicy.sample_actions": {
                                                    "total": 80.59287089999285,
                                                    "count": 31265,
                                                    "self": 80.59287089999285
                                                }
                                            }
                                        }
                                    }
                                },
                                "workers": {
                                    "total": 0.3267169000122765,
                                    "count": 35437,
                                    "self": 0.0,
                                    "children": {
                                        "worker_root": {
                                            "total": 1494.2305132999925,
                                            "count": 35437,
                                            "is_parallel": true,
                                            "self": 818.5844138000049,
                                            "children": {
                                                "steps_from_proto": {
                                                    "total": 0.0007060999999994877,
                                                    "count": 1,
                                                    "is_parallel": true,
                                                    "self": 0.00012089999999886913,
                                                    "children": {
                                                        "_process_vector_observation": {
                                                            "total": 0.0005852000000006186,
                                                            "count": 4,
                                                            "is_parallel": true,
                                                            "self": 0.0005852000000006186
                                                        }
                                                    }
                                                },
                                                "UnityEnvironment.step": {
                                                    "total": 675.6453933999876,
                                                    "count": 35437,
                                                    "is_parallel": true,
                                                    "self": 4.9675150999624975,
                                                    "children": {
                                                        "UnityEnvironment._generate_step_input": {
                                                            "total": 6.002133100006427,
                                                            "count": 35437,
                                                            "is_parallel": true,
                                                            "self": 6.002133100006427
                                                        },
                                                        "communicator.exchange": {
                                                            "total": 650.3477329000002,
                                                            "count": 35437,
                                                            "is_parallel": true,
                                                            "self": 650.3477329000002
                                                        },
                                                        "steps_from_proto": {
                                                            "total": 14.328012300018536,
                                                            "count": 35437,
                                                            "is_parallel": true,
                                                            "self": 2.347468000039413,
                                                            "children": {
                                                                "_process_vector_observation": {
                                                                    "total": 11.980544299979123,
                                                                    "count": 141748,
                                                                    "is_parallel": true,
                                                                    "self": 11.980544299979123
                                                                }
                                                            }
                                                        }
                                                    }
                                                }
                                            }
                                        }
                                    }
                                }
                            }
                        }
                    }
                },
                "trainer_threads": {
                    "total": 4.850000004807953e-05,
                    "count": 1,
                    "self": 4.850000004807953e-05,
                    "children": {
                        "thread_root": {
                            "total": 0.0,
                            "count": 0,
                            "is_parallel": true,
                            "self": 0.0,
                            "children": {
                                "trainer_advance": {
                                    "total": 1493.988676000001,
                                    "count": 2698,
                                    "is_parallel": true,
                                    "self": 0.03312720000258196,
                                    "children": {
                                        "process_trajectory": {
                                            "total": 124.54137849999725,
                                            "count": 2699,
                                            "is_parallel": true,
                                            "self": 124.47701459999726,
                                            "children": {
                                                "RLTrainer._checkpoint": {
                                                    "total": 0.06436389999998937,
                                                    "count": 1,
                                                    "is_parallel": true,
                                                    "self": 0.06436389999998937
                                                }
                                            }
                                        },
                                        "_update_policy": {
                                            "total": 1369.4141703000012,
                                            "count": 2575,
                                            "is_parallel": true,
                                            "self": 0.05591060000119796,
                                            "children": {
                                                "SACTrainer._update_policy": {
                                                    "total": 1369.3582597,
                                                    "count": 2575,
                                                    "is_parallel": true,
                                                    "self": 574.0908628999899,
                                                    "children": {
                                                        "TorchSACOptimizer.update": {
                                                            "total": 795.26739680001,
                                                            "count": 49989,
                                                            "is_parallel": true,
                                                            "self": 795.26739680001
                                                        }
                                                    }
                                                }
                                            }
                                        }
                                    }
                                }
                            }
                        }
                    }
                },
                "TrainerController._save_models": {
                    "total": 0.058512500000006185,
                    "count": 1,
                    "self": 0.011915200000203185,
                    "children": {
                        "RLTrainer._checkpoint": {
                            "total": 0.046597299999803,
                            "count": 1,
                            "self": 0.046597299999803
                        }
                    }
                }
            }
        }
    }
}