{
    "default": {
        "checkpoints": [
            {
                "steps": 499990,
                "file_path": "results\\SAC_512-500000_HM\\default\\default-499990.onnx",
                "reward": 4.0,
                "creation_time": 1616683950.6040537
            },
            {
                "steps": 500090,
                "file_path": "results\\SAC_512-500000_HM\\default\\default-500090.onnx",
                "reward": 2.0,
                "creation_time": 1616683951.7335951
            }
        ],
        "final_checkpoint": {
            "steps": 500090,
            "file_path": "results\\SAC_512-500000_HM\\default.onnx",
            "reward": 2.0,
            "creation_time": 1616683951.7335951
        }
    },
    "metadata": {
        "stats_format_version": "0.2.0",
        "mlagents_version": "0.24.0",
        "torch_version": "1.7.0+cu110"
    }
}