{
    "name": "root",
    "gauges": {
        "default.Policy.Entropy.mean": {
            "value": 1.4085298776626587,
            "min": 1.4085298776626587,
            "max": 1.4244636297225952,
            "count": 50
        },
        "default.Policy.Entropy.sum": {
            "value": 13882.470703125,
            "min": 13749.046875,
            "max": 14893.1767578125,
            "count": 50
        },
        "default.HeatMap_Heat:SpawnLoc_0.mean": {
            "value": 0.5,
            "min": 0.5,
            "max": 1.0,
            "count": 50
        },
        "default.HeatMap_Heat:SpawnLoc_0.sum": {
            "value": 72.5,
            "min": 6.0,
            "max": 89.0,
            "count": 50
        },
        "default.HeatMap_TimesSpawned:SpawnLoc_0.mean": {
            "value": 496.37931034482756,
            "min": 1.3666666666666667,
            "max": 496.37931034482756,
            "count": 50
        },
        "default.HeatMap_TimesSpawned:SpawnLoc_0.sum": {
            "value": 71975.0,
            "min": 41.0,
            "max": 80027.0,
            "count": 50
        },
        "default.HeatMap_Heat:SpawnLoc_1.mean": {
            "value": 0.5,
            "min": 0.4998256480971048,
            "max": 0.9986666679382324,
            "count": 50
        },
        "default.HeatMap_Heat:SpawnLoc_1.sum": {
            "value": 72.5,
            "min": 5.690000295639038,
            "max": 89.0,
            "count": 50
        },
        "default.HeatMap_TimesSpawned:SpawnLoc_1.mean": {
            "value": 512.9172413793103,
            "min": 0.9,
            "max": 512.9172413793103,
            "count": 50
        },
        "default.HeatMap_TimesSpawned:SpawnLoc_1.sum": {
            "value": 74373.0,
            "min": 27.0,
            "max": 80503.0,
            "count": 50
        },
        "default.HeatMap_Heat:SpawnLoc_2.mean": {
            "value": 0.5,
            "min": 0.4997436144413092,
            "max": 0.9953333377838135,
            "count": 50
        },
        "default.HeatMap_Heat:SpawnLoc_2.sum": {
            "value": 72.5,
            "min": 5.860000133514404,
            "max": 89.0,
            "count": 50
        },
        "default.HeatMap_TimesSpawned:SpawnLoc_2.mean": {
            "value": 514.7172413793104,
            "min": 2.6,
            "max": 514.7172413793104,
            "count": 50
        },
        "default.HeatMap_TimesSpawned:SpawnLoc_2.sum": {
            "value": 74634.0,
            "min": 78.0,
            "max": 82934.0,
            "count": 50
        },
        "default.HeatMap_Heat:SpawnLoc_3.mean": {
            "value": 0.9463103960300314,
            "min": 0.9463103960300314,
            "max": 1.0,
            "count": 50
        },
        "default.HeatMap_Heat:SpawnLoc_3.sum": {
            "value": 137.21500742435455,
            "min": 6.0,
            "max": 170.88000679016113,
            "count": 50
        },
        "default.HeatMap_TimesSpawned:SpawnLoc_3.mean": {
            "value": 883.5172413793103,
            "min": 3.2,
            "max": 883.5172413793103,
            "count": 50
        },
        "default.HeatMap_TimesSpawned:SpawnLoc_3.sum": {
            "value": 128110.0,
            "min": 96.0,
            "max": 140271.0,
            "count": 50
        },
        "default.HeatMap_Heat:SpawnLoc_4.mean": {
            "value": 0.5,
            "min": 0.5,
            "max": 1.0,
            "count": 50
        },
        "default.HeatMap_Heat:SpawnLoc_4.sum": {
            "value": 72.5,
            "min": 6.0,
            "max": 89.0,
            "count": 50
        },
        "default.HeatMap_TimesSpawned:SpawnLoc_4.mean": {
            "value": 561.4758620689655,
            "min": 1.9666666666666666,
            "max": 561.4758620689655,
            "count": 50
        },
        "default.HeatMap_TimesSpawned:SpawnLoc_4.sum": {
            "value": 81414.0,
            "min": 59.0,
            "max": 89528.0,
            "count": 50
        },
        "default.HeatMap_Heat:SpawnLoc_5.mean": {
            "value": 0.5,
            "min": 0.4986461326479912,
            "max": 0.9918333411216735,
            "count": 50
        },
        "default.HeatMap_Heat:SpawnLoc_5.sum": {
            "value": 72.5,
            "min": 5.670000314712524,
            "max": 89.0,
            "count": 50
        },
        "default.HeatMap_TimesSpawned:SpawnLoc_5.mean": {
            "value": 526.3379310344827,
            "min": 3.1333333333333333,
            "max": 526.3379310344827,
            "count": 50
        },
        "default.HeatMap_TimesSpawned:SpawnLoc_5.sum": {
            "value": 76319.0,
            "min": 94.0,
            "max": 84082.0,
            "count": 50
        },
        "default.HeatMap_Heat:SpawnLoc_6.mean": {
            "value": 0.5,
            "min": 0.5,
            "max": 1.0,
            "count": 50
        },
        "default.HeatMap_Heat:SpawnLoc_6.sum": {
            "value": 72.5,
            "min": 6.0,
            "max": 89.0,
            "count": 50
        },
        "default.HeatMap_TimesSpawned:SpawnLoc_6.mean": {
            "value": 518.6758620689656,
            "min": 1.7,
            "max": 518.6758620689656,
            "count": 50
        },
        "default.HeatMap_TimesSpawned:SpawnLoc_6.sum": {
            "value": 75208.0,
            "min": 51.0,
            "max": 82681.0,
            "count": 50
        },
        "default.HeatMap_Heat:SpawnLoc_7.mean": {
            "value": 0.5,
            "min": 0.4994330443057817,
            "max": 1.0,
            "count": 50
        },
        "default.HeatMap_Heat:SpawnLoc_7.sum": {
            "value": 72.5,
            "min": 5.955000042915344,
            "max": 89.0,
            "count": 50
        },
        "default.HeatMap_TimesSpawned:SpawnLoc_7.mean": {
            "value": 485.39310344827584,
            "min": 1.6666666666666667,
            "max": 485.39310344827584,
            "count": 50
        },
        "default.HeatMap_TimesSpawned:SpawnLoc_7.sum": {
            "value": 70382.0,
            "min": 50.0,
            "max": 77418.0,
            "count": 50
        },
        "default.HeatMap_Heat:SpawnLoc_8.mean": {
            "value": 0.5,
            "min": 0.5,
            "max": 0.996666669845581,
            "count": 50
        },
        "default.HeatMap_Heat:SpawnLoc_8.sum": {
            "value": 72.5,
            "min": 5.8500001430511475,
            "max": 89.0,
            "count": 50
        },
        "default.HeatMap_TimesSpawned:SpawnLoc_8.mean": {
            "value": 512.751724137931,
            "min": 2.8666666666666667,
            "max": 512.751724137931,
            "count": 50
        },
        "default.HeatMap_TimesSpawned:SpawnLoc_8.sum": {
            "value": 74349.0,
            "min": 86.0,
            "max": 81261.0,
            "count": 50
        },
        "default.HeatMap_Heat:SpawnLoc_9.mean": {
            "value": 0.5,
            "min": 0.5,
            "max": 1.0,
            "count": 50
        },
        "default.HeatMap_Heat:SpawnLoc_9.sum": {
            "value": 72.5,
            "min": 6.0,
            "max": 89.0,
            "count": 50
        },
        "default.HeatMap_TimesSpawned:SpawnLoc_9.mean": {
            "value": 525.1931034482759,
            "min": 1.1666666666666667,
            "max": 525.1931034482759,
            "count": 50
        },
        "default.HeatMap_TimesSpawned:SpawnLoc_9.sum": {
            "value": 76153.0,
            "min": 35.0,
            "max": 84014.0,
            "count": 50
        },
        "default.HeatMap_Heat:SpawnLoc_10.mean": {
            "value": 0.5,
            "min": 0.5,
            "max": 1.0,
            "count": 50
        },
        "default.HeatMap_Heat:SpawnLoc_10.sum": {
            "value": 72.5,
            "min": 6.0,
            "max": 89.0,
            "count": 50
        },
        "default.HeatMap_TimesSpawned:SpawnLoc_10.mean": {
            "value": 508.19310344827585,
            "min": 1.4333333333333333,
            "max": 508.19310344827585,
            "count": 50
        },
        "default.HeatMap_TimesSpawned:SpawnLoc_10.sum": {
            "value": 73688.0,
            "min": 43.0,
            "max": 80882.0,
            "count": 50
        },
        "default.HeatMap_Heat:SpawnLoc_11.mean": {
            "value": 0.5,
            "min": 0.5,
            "max": 1.0,
            "count": 50
        },
        "default.HeatMap_Heat:SpawnLoc_11.sum": {
            "value": 72.5,
            "min": 6.0,
            "max": 116.77503073215485,
            "count": 50
        },
        "default.HeatMap_TimesSpawned:SpawnLoc_11.mean": {
            "value": 692.2344827586207,
            "min": 1.1666666666666667,
            "max": 692.2344827586207,
            "count": 50
        },
        "default.HeatMap_TimesSpawned:SpawnLoc_11.sum": {
            "value": 100374.0,
            "min": 35.0,
            "max": 110896.0,
            "count": 50
        },
        "default.Environment.EpisodeLength.mean": {
            "value": 57.50857142857143,
            "min": 46.44230769230769,
            "max": 152.14285714285714,
            "count": 50
        },
        "default.Environment.EpisodeLength.sum": {
            "value": 10064.0,
            "min": 8993.0,
            "max": 10574.0,
            "count": 50
        },
        "default.Policy.ExtrinsicValueEstimate.mean": {
            "value": 2.0813028812408447,
            "min": -0.05877477675676346,
            "max": 2.255293369293213,
            "count": 50
        },
        "default.Policy.ExtrinsicValueEstimate.sum": {
            "value": 578.6021728515625,
            "min": -11.69618034362793,
            "max": 690.1197509765625,
            "count": 50
        },
        "default.Environment.CumulativeReward.mean": {
            "value": 3.2114285714285713,
            "min": 0.15079365079365079,
            "max": 3.3701923076923075,
            "count": 50
        },
        "default.Environment.CumulativeReward.sum": {
            "value": 562.0,
            "min": 9.5,
            "max": 701.0,
            "count": 50
        },
        "default.Policy.ExtrinsicReward.mean": {
            "value": 3.2114285714285713,
            "min": 0.15079365079365079,
            "max": 3.3701923076923075,
            "count": 50
        },
        "default.Policy.ExtrinsicReward.sum": {
            "value": 562.0,
            "min": 9.5,
            "max": 701.0,
            "count": 50
        },
        "default.IsTraining.mean": {
            "value": 1.0,
            "min": 1.0,
            "max": 1.0,
            "count": 50
        },
        "default.IsTraining.sum": {
            "value": 1.0,
            "min": 1.0,
            "max": 1.0,
            "count": 50
        },
        "default.Losses.PolicyLoss.mean": {
            "value": 0.03329212410996358,
            "min": 0.01709791664034128,
            "max": 0.03329212410996358,
            "count": 48
        },
        "default.Losses.PolicyLoss.sum": {
            "value": 0.03329212410996358,
            "min": 0.01709791664034128,
            "max": 0.03329212410996358,
            "count": 48
        },
        "default.Losses.ValueLoss.mean": {
            "value": 0.13391193747520447,
            "min": 0.05183180303623279,
            "max": 0.28239376147588097,
            "count": 48
        },
        "default.Losses.ValueLoss.sum": {
            "value": 0.13391193747520447,
            "min": 0.05183180303623279,
            "max": 0.28239376147588097,
            "count": 48
        },
        "default.Policy.LearningRate.mean": {
            "value": 4.171898609399993e-06,
            "min": 4.171898609399993e-06,
            "max": 0.0002938362020545999,
            "count": 48
        },
        "default.Policy.LearningRate.sum": {
            "value": 4.171898609399993e-06,
            "min": 4.171898609399993e-06,
            "max": 0.0002938362020545999,
            "count": 48
        },
        "default.Policy.Epsilon.mean": {
            "value": 0.10139060000000004,
            "min": 0.10139060000000004,
            "max": 0.19794540000000002,
            "count": 48
        },
        "default.Policy.Epsilon.sum": {
            "value": 0.10139060000000004,
            "min": 0.10139060000000004,
            "max": 0.19794540000000002,
            "count": 48
        },
        "default.Policy.Beta.mean": {
            "value": 7.939093999999991e-05,
            "min": 7.939093999999991e-05,
            "max": 0.004897475459999999,
            "count": 48
        },
        "default.Policy.Beta.sum": {
            "value": 7.939093999999991e-05,
            "min": 7.939093999999991e-05,
            "max": 0.004897475459999999,
            "count": 48
        }
    },
    "metadata": {
        "timer_format_version": "0.1.0",
        "start_time_seconds": "1616340568",
        "python_version": "3.7.0 (v3.7.0:1bf9cc5093, Jun 27 2018, 04:59:51) [MSC v.1914 64 bit (AMD64)]",
        "command_line_arguments": "C:\\Users\\vanre\\AppData\\Local\\Programs\\Python\\Python37\\Scripts\\mlagents-learn .\\Trainers\\PPO_Default.yaml --run-id=PPO_DEFAULT_HM --force",
        "mlagents_version": "0.24.0",
        "mlagents_envs_version": "0.24.0",
        "communication_protocol_version": "1.4.0",
        "pytorch_version": "1.7.0+cu110",
        "numpy_version": "1.18.1",
        "end_time_seconds": "1616341374"
    },
    "total": 805.4616469,
    "count": 1,
    "self": 0.0042839999998705025,
    "children": {
        "run_training.setup": {
            "total": 0.11777369999999998,
            "count": 1,
            "self": 0.11777369999999998
        },
        "TrainerController.start_learning": {
            "total": 805.3395892000001,
            "count": 1,
            "self": 0.6754690999933928,
            "children": {
                "TrainerController._reset_env": {
                    "total": 7.6599846000000005,
                    "count": 1,
                    "self": 7.6599846000000005
                },
                "TrainerController.advance": {
                    "total": 796.9490247000067,
                    "count": 36190,
                    "self": 0.3101346000017884,
                    "children": {
                        "env_step": {
                            "total": 796.6388901000049,
                            "count": 36190,
                            "self": 726.0851433000083,
                            "children": {
                                "SubprocessEnvManager._take_step": {
                                    "total": 70.21772100000007,
                                    "count": 36190,
                                    "self": 1.5698875999994755,
                                    "children": {
                                        "TorchPolicy.evaluate": {
                                            "total": 68.6478334000006,
                                            "count": 31272,
                                            "self": 32.27833880001008,
                                            "children": {
                                                "TorchPolicy.sample_actions": {
                                                    "total": 36.36949459999051,
                                                    "count": 31272,
                                                    "self": 36.36949459999051
                                                }
                                            }
                                        }
                                    }
                                },
                                "workers": {
                                    "total": 0.33602579999653415,
                                    "count": 36190,
                                    "self": 0.0,
                                    "children": {
                                        "worker_root": {
                                            "total": 797.6825043999925,
                                            "count": 36190,
                                            "is_parallel": true,
                                            "self": 117.27323160000435,
                                            "children": {
                                                "steps_from_proto": {
                                                    "total": 0.0004758999999996405,
                                                    "count": 1,
                                                    "is_parallel": true,
                                                    "self": 7.730000000005788e-05,
                                                    "children": {
                                                        "_process_vector_observation": {
                                                            "total": 0.0003985999999995826,
                                                            "count": 4,
                                                            "is_parallel": true,
                                                            "self": 0.0003985999999995826
                                                        }
                                                    }
                                                },
                                                "UnityEnvironment.step": {
                                                    "total": 680.4087968999881,
                                                    "count": 36190,
                                                    "is_parallel": true,
                                                    "self": 5.639721999983294,
                                                    "children": {
                                                        "UnityEnvironment._generate_step_input": {
                                                            "total": 5.703174599999553,
                                                            "count": 36190,
                                                            "is_parallel": true,
                                                            "self": 5.703174599999553
                                                        },
                                                        "communicator.exchange": {
                                                            "total": 653.9991559999991,
                                                            "count": 36190,
                                                            "is_parallel": true,
                                                            "self": 653.9991559999991
                                                        },
                                                        "steps_from_proto": {
                                                            "total": 15.066744300006237,
                                                            "count": 36190,
                                                            "is_parallel": true,
                                                            "self": 2.4966615000068373,
                                                            "children": {
                                                                "_process_vector_observation": {
                                                                    "total": 12.5700827999994,
                                                                    "count": 144760,
                                                                    "is_parallel": true,
                                                                    "self": 12.5700827999994
                                                                }
                                                            }
                                                        }
                                                    }
                                                }
                                            }
                                        }
                                    }
                                }
                            }
                        }
                    }
                },
                "trainer_threads": {
                    "total": 3.130000004603062e-05,
                    "count": 1,
                    "self": 3.130000004603062e-05,
                    "children": {
                        "thread_root": {
                            "total": 0.0,
                            "count": 0,
                            "is_parallel": true,
                            "self": 0.0,
                            "children": {
                                "trainer_advance": {
                                    "total": 796.9890046000038,
                                    "count": 56098,
                                    "is_parallel": true,
                                    "self": 2.47894729999382,
                                    "children": {
                                        "process_trajectory": {
                                            "total": 739.6908765000096,
                                            "count": 56098,
                                            "is_parallel": true,
                                            "self": 739.6139500000096,
                                            "children": {
                                                "RLTrainer._checkpoint": {
                                                    "total": 0.07692650000001322,
                                                    "count": 1,
                                                    "is_parallel": true,
                                                    "self": 0.07692650000001322
                                                }
                                            }
                                        },
                                        "_update_policy": {
                                            "total": 54.81918080000037,
                                            "count": 48,
                                            "is_parallel": true,
                                            "self": 27.91067040000147,
                                            "children": {
                                                "TorchPPOOptimizer.update": {
                                                    "total": 26.908510399998896,
                                                    "count": 1440,
                                                    "is_parallel": true,
                                                    "self": 26.908510399998896
                                                }
                                            }
                                        }
                                    }
                                }
                            }
                        }
                    }
                },
                "TrainerController._save_models": {
                    "total": 0.05507949999991979,
                    "count": 1,
                    "self": 0.0056979999999384745,
                    "children": {
                        "RLTrainer._checkpoint": {
                            "total": 0.049381499999981315,
                            "count": 1,
                            "self": 0.049381499999981315
                        }
                    }
                }
            }
        }
    }
}