{
    "default": {
        "checkpoints": [
            {
                "steps": 499977,
                "file_path": "results\\PPO_DEFAULT_HM\\default\\default-499977.onnx",
                "reward": 3.209016393442623,
                "creation_time": 1616341374.0475075
            },
            {
                "steps": 500001,
                "file_path": "results\\PPO_DEFAULT_HM\\default\\default-500001.onnx",
                "reward": 3.2154471544715446,
                "creation_time": 1616341374.1265085
            }
        ],
        "final_checkpoint": {
            "steps": 500001,
            "file_path": "results\\PPO_DEFAULT_HM\\default.onnx",
            "reward": 3.2154471544715446,
            "creation_time": 1616341374.1265085
        }
    },
    "metadata": {
        "stats_format_version": "0.2.0",
        "mlagents_version": "0.24.0",
        "torch_version": "1.7.0+cu110"
    }
}