{
    "name": "root",
    "gauges": {
        "MoveToGoal.Policy.Entropy.mean": {
            "value": 1.406796932220459,
            "min": 1.406796932220459,
            "max": 1.4278392791748047,
            "count": 10
        },
        "MoveToGoal.Policy.Entropy.sum": {
            "value": 70407.375,
            "min": 70226.296875,
            "max": 71864.125,
            "count": 10
        },
        "MoveToGoal.Environment.EpisodeLength.mean": {
            "value": 56.95672514619883,
            "min": 56.95672514619883,
            "max": 96.35408560311284,
            "count": 10
        },
        "MoveToGoal.Environment.EpisodeLength.sum": {
            "value": 48698.0,
            "min": 48698.0,
            "max": 49546.0,
            "count": 10
        },
        "MoveToGoal.Policy.ExtrinsicValueEstimate.mean": {
            "value": 1.8662141561508179,
            "min": -0.23873953521251678,
            "max": 1.8662141561508179,
            "count": 10
        },
        "MoveToGoal.Policy.ExtrinsicValueEstimate.sum": {
            "value": 2506.32568359375,
            "min": -278.8477783203125,
            "max": 2535.2470703125,
            "count": 10
        },
        "MoveToGoal.Environment.CumulativeReward.mean": {
            "value": 3.283625730994152,
            "min": 0.4432624113475177,
            "max": 3.283625730994152,
            "count": 10
        },
        "MoveToGoal.Environment.CumulativeReward.sum": {
            "value": 2807.5,
            "min": 250.0,
            "max": 2807.5,
            "count": 10
        },
        "MoveToGoal.Policy.ExtrinsicReward.mean": {
            "value": 3.283625730994152,
            "min": 0.4432624113475177,
            "max": 3.283625730994152,
            "count": 10
        },
        "MoveToGoal.Policy.ExtrinsicReward.sum": {
            "value": 2807.5,
            "min": 250.0,
            "max": 2807.5,
            "count": 10
        },
        "MoveToGoal.Losses.PolicyLoss.mean": {
            "value": 0.02402806691204508,
            "min": 0.02072816234043178,
            "max": 0.02582394622731954,
            "count": 10
        },
        "MoveToGoal.Losses.PolicyLoss.sum": {
            "value": 0.1201403345602254,
            "min": 0.08291264936172713,
            "max": 0.12851382840890435,
            "count": 10
        },
        "MoveToGoal.Losses.ValueLoss.mean": {
            "value": 0.07689273027082286,
            "min": 0.07689273027082286,
            "max": 0.20249956409136455,
            "count": 10
        },
        "MoveToGoal.Losses.ValueLoss.sum": {
            "value": 0.38446365135411426,
            "min": 0.38446365135411426,
            "max": 1.0124978204568227,
            "count": 10
        },
        "MoveToGoal.Policy.LearningRate.mean": {
            "value": 1.6567534477520008e-05,
            "min": 1.6567534477520008e-05,
            "max": 0.0002845857051381,
            "count": 10
        },
        "MoveToGoal.Policy.LearningRate.sum": {
            "value": 8.283767238760005e-05,
            "min": 8.283767238760005e-05,
            "max": 0.0012842568719144,
            "count": 10
        },
        "MoveToGoal.Policy.Epsilon.mean": {
            "value": 0.10552247999999997,
            "min": 0.10552247999999997,
            "max": 0.19486190000000003,
            "count": 10
        },
        "MoveToGoal.Policy.Epsilon.sum": {
            "value": 0.5276123999999999,
            "min": 0.500105,
            "max": 0.9280856000000001,
            "count": 10
        },
        "MoveToGoal.Policy.Beta.mean": {
            "value": 0.00028557175200000023,
            "min": 0.00028557175200000023,
            "max": 0.00474360881,
            "count": 10
        },
        "MoveToGoal.Policy.Beta.sum": {
            "value": 0.001427858760000001,
            "min": 0.001427858760000001,
            "max": 0.021411471440000003,
            "count": 10
        },
        "MoveToGoal.IsTraining.mean": {
            "value": 1.0,
            "min": 1.0,
            "max": 1.0,
            "count": 10
        },
        "MoveToGoal.IsTraining.sum": {
            "value": 1.0,
            "min": 1.0,
            "max": 1.0,
            "count": 10
        }
    },
    "metadata": {
        "timer_format_version": "0.1.0",
        "start_time_seconds": "1616154488",
        "python_version": "3.7.0 (v3.7.0:1bf9cc5093, Jun 27 2018, 04:59:51) [MSC v.1914 64 bit (AMD64)]",
        "command_line_arguments": "C:\\Users\\vanre\\AppData\\Local\\Programs\\Python\\Python37\\Scripts\\mlagents-learn --run-id=PPO_WO-HHM-PPREWARD",
        "mlagents_version": "0.24.0",
        "mlagents_envs_version": "0.24.0",
        "communication_protocol_version": "1.4.0",
        "pytorch_version": "1.7.0+cu110",
        "numpy_version": "1.18.1",
        "end_time_seconds": "1616155344"
    },
    "total": 855.9640532,
    "count": 1,
    "self": 0.003139999999916654,
    "children": {
        "run_training.setup": {
            "total": 0.11919270000000004,
            "count": 1,
            "self": 0.11919270000000004
        },
        "TrainerController.start_learning": {
            "total": 855.8417205000001,
            "count": 1,
            "self": 0.6745337999839194,
            "children": {
                "TrainerController._reset_env": {
                    "total": 56.6013503,
                    "count": 1,
                    "self": 56.6013503
                },
                "TrainerController.advance": {
                    "total": 798.5156650000162,
                    "count": 36673,
                    "self": 0.3433146000212446,
                    "children": {
                        "env_step": {
                            "total": 798.1723503999949,
                            "count": 36673,
                            "self": 728.5689270999987,
                            "children": {
                                "SubprocessEnvManager._take_step": {
                                    "total": 69.25279160000572,
                                    "count": 36673,
                                    "self": 1.612310800000941,
                                    "children": {
                                        "TorchPolicy.evaluate": {
                                            "total": 67.64048080000478,
                                            "count": 31278,
                                            "self": 36.782431500004854,
                                            "children": {
                                                "TorchPolicy.sample_actions": {
                                                    "total": 30.858049299999927,
                                                    "count": 31278,
                                                    "self": 30.858049299999927
                                                }
                                            }
                                        }
                                    }
                                },
                                "workers": {
                                    "total": 0.35063169999040866,
                                    "count": 36673,
                                    "self": 0.0,
                                    "children": {
                                        "worker_root": {
                                            "total": 799.1496916999952,
                                            "count": 36673,
                                            "is_parallel": true,
                                            "self": 116.55039989999875,
                                            "children": {
                                                "steps_from_proto": {
                                                    "total": 0.0008266999999975155,
                                                    "count": 1,
                                                    "is_parallel": true,
                                                    "self": 0.00015679999999917982,
                                                    "children": {
                                                        "_process_vector_observation": {
                                                            "total": 0.0006698999999983357,
                                                            "count": 4,
                                                            "is_parallel": true,
                                                            "self": 0.0006698999999983357
                                                        }
                                                    }
                                                },
                                                "UnityEnvironment.step": {
                                                    "total": 682.5984650999965,
                                                    "count": 36673,
                                                    "is_parallel": true,
                                                    "self": 4.801549499984276,
                                                    "children": {
                                                        "UnityEnvironment._generate_step_input": {
                                                            "total": 5.842927200004375,
                                                            "count": 36673,
                                                            "is_parallel": true,
                                                            "self": 5.842927200004375
                                                        },
                                                        "communicator.exchange": {
                                                            "total": 656.592434000002,
                                                            "count": 36673,
                                                            "is_parallel": true,
                                                            "self": 656.592434000002
                                                        },
                                                        "steps_from_proto": {
                                                            "total": 15.3615544000058,
                                                            "count": 36673,
                                                            "is_parallel": true,
                                                            "self": 2.5227593000085946,
                                                            "children": {
                                                                "_process_vector_observation": {
                                                                    "total": 12.838795099997206,
                                                                    "count": 146692,
                                                                    "is_parallel": true,
                                                                    "self": 12.838795099997206
                                                                }
                                                            }
                                                        }
                                                    }
                                                }
                                            }
                                        }
                                    }
                                }
                            }
                        }
                    }
                },
                "trainer_threads": {
                    "total": 1.7899999988912896e-05,
                    "count": 1,
                    "self": 1.7899999988912896e-05,
                    "children": {
                        "thread_root": {
                            "total": 0.0,
                            "count": 0,
                            "is_parallel": true,
                            "self": 0.0,
                            "children": {
                                "trainer_advance": {
                                    "total": 798.4268825999947,
                                    "count": 57902,
                                    "is_parallel": true,
                                    "self": 2.675382100004981,
                                    "children": {
                                        "process_trajectory": {
                                            "total": 742.9763827999896,
                                            "count": 57902,
                                            "is_parallel": true,
                                            "self": 742.9013516999896,
                                            "children": {
                                                "RLTrainer._checkpoint": {
                                                    "total": 0.07503109999993285,
                                                    "count": 1,
                                                    "is_parallel": true,
                                                    "self": 0.07503109999993285
                                                }
                                            }
                                        },
                                        "_update_policy": {
                                            "total": 52.77511770000008,
                                            "count": 48,
                                            "is_parallel": true,
                                            "self": 28.318334300000743,
                                            "children": {
                                                "TorchPPOOptimizer.update": {
                                                    "total": 24.45678339999934,
                                                    "count": 1440,
                                                    "is_parallel": true,
                                                    "self": 24.45678339999934
                                                }
                                            }
                                        }
                                    }
                                }
                            }
                        }
                    }
                },
                "TrainerController._save_models": {
                    "total": 0.05015349999996488,
                    "count": 1,
                    "self": 0.008182499999975335,
                    "children": {
                        "RLTrainer._checkpoint": {
                            "total": 0.041970999999989544,
                            "count": 1,
                            "self": 0.041970999999989544
                        }
                    }
                }
            }
        }
    }
}