{
    "MoveToGoal": {
        "checkpoints": [
            {
                "steps": 499996,
                "file_path": "results\\PPO_WO-HHM-PPREWARD\\MoveToGoal\\MoveToGoal-499996.onnx",
                "reward": 3.3403361344537816,
                "creation_time": 1616155344.8773723
            },
            {
                "steps": 500132,
                "file_path": "results\\PPO_WO-HHM-PPREWARD\\MoveToGoal\\MoveToGoal-500132.onnx",
                "reward": 3.3125,
                "creation_time": 1616155344.9423726
            }
        ],
        "final_checkpoint": {
            "steps": 500132,
            "file_path": "results\\PPO_WO-HHM-PPREWARD\\MoveToGoal.onnx",
            "reward": 3.3125,
            "creation_time": 1616155344.9423726
        }
    },
    "metadata": {
        "stats_format_version": "0.2.0",
        "mlagents_version": "0.24.0",
        "torch_version": "1.7.0+cu110"
    }
}