{
    "name": "root",
    "gauges": {
        "default.Policy.Entropy.mean": {
            "value": 1.3857074975967407,
            "min": 1.3857074975967407,
            "max": 1.4254095554351807,
            "count": 50
        },
        "default.Policy.Entropy.sum": {
            "value": 14034.4453125,
            "min": 13468.3203125,
            "max": 15006.69140625,
            "count": 50
        },
        "default.HeatMap_Heat:SpawnLoc_0.mean": {
            "value": 0.5,
            "min": 0.5,
            "max": 1.0,
            "count": 50
        },
        "default.HeatMap_Heat:SpawnLoc_0.sum": {
            "value": 160.0,
            "min": 12.93500006198883,
            "max": 167.5,
            "count": 50
        },
        "default.HeatMap_TimesSpawned:SpawnLoc_0.mean": {
            "value": 650.246875,
            "min": 0.8571428571428571,
            "max": 650.246875,
            "count": 50
        },
        "default.HeatMap_TimesSpawned:SpawnLoc_0.sum": {
            "value": 208079.0,
            "min": 24.0,
            "max": 209076.0,
            "count": 50
        },
        "default.HeatMap_Heat:SpawnLoc_1.mean": {
            "value": 0.5,
            "min": 0.49906261016925174,
            "max": 0.9991071437086377,
            "count": 50
        },
        "default.HeatMap_Heat:SpawnLoc_1.sum": {
            "value": 160.0,
            "min": 12.490000486373901,
            "max": 167.5,
            "count": 50
        },
        "default.HeatMap_TimesSpawned:SpawnLoc_1.mean": {
            "value": 656.78125,
            "min": 2.642857142857143,
            "max": 656.78125,
            "count": 50
        },
        "default.HeatMap_TimesSpawned:SpawnLoc_1.sum": {
            "value": 210170.0,
            "min": 74.0,
            "max": 213150.0,
            "count": 50
        },
        "default.HeatMap_Heat:SpawnLoc_2.mean": {
            "value": 0.5,
            "min": 0.49956254214048385,
            "max": 0.9985714299338204,
            "count": 50
        },
        "default.HeatMap_Heat:SpawnLoc_2.sum": {
            "value": 160.0,
            "min": 12.570000410079956,
            "max": 167.5,
            "count": 50
        },
        "default.HeatMap_TimesSpawned:SpawnLoc_2.mean": {
            "value": 712.446875,
            "min": 0.8214285714285714,
            "max": 712.446875,
            "count": 50
        },
        "default.HeatMap_TimesSpawned:SpawnLoc_2.sum": {
            "value": 227983.0,
            "min": 23.0,
            "max": 227983.0,
            "count": 50
        },
        "default.HeatMap_Heat:SpawnLoc_3.mean": {
            "value": 0.5,
            "min": 0.5,
            "max": 1.0,
            "count": 50
        },
        "default.HeatMap_Heat:SpawnLoc_3.sum": {
            "value": 160.0,
            "min": 13.0,
            "max": 167.5,
            "count": 50
        },
        "default.HeatMap_TimesSpawned:SpawnLoc_3.mean": {
            "value": 764.7,
            "min": 1.6071428571428572,
            "max": 764.7,
            "count": 50
        },
        "default.HeatMap_TimesSpawned:SpawnLoc_3.sum": {
            "value": 244704.0,
            "min": 45.0,
            "max": 248376.0,
            "count": 50
        },
        "default.HeatMap_Heat:SpawnLoc_4.mean": {
            "value": 0.5,
            "min": 0.5,
            "max": 1.0,
            "count": 50
        },
        "default.HeatMap_Heat:SpawnLoc_4.sum": {
            "value": 160.0,
            "min": 13.0,
            "max": 167.5,
            "count": 50
        },
        "default.HeatMap_TimesSpawned:SpawnLoc_4.mean": {
            "value": 681.521875,
            "min": 1.2857142857142858,
            "max": 681.521875,
            "count": 50
        },
        "default.HeatMap_TimesSpawned:SpawnLoc_4.sum": {
            "value": 218087.0,
            "min": 36.0,
            "max": 221061.0,
            "count": 50
        },
        "default.HeatMap_Heat:SpawnLoc_5.mean": {
            "value": 0.5,
            "min": 0.49962503612041476,
            "max": 0.9941071484770093,
            "count": 50
        },
        "default.HeatMap_Heat:SpawnLoc_5.sum": {
            "value": 160.0,
            "min": 12.330000638961792,
            "max": 167.5,
            "count": 50
        },
        "default.HeatMap_TimesSpawned:SpawnLoc_5.mean": {
            "value": 687.475,
            "min": 1.2142857142857142,
            "max": 687.475,
            "count": 50
        },
        "default.HeatMap_TimesSpawned:SpawnLoc_5.sum": {
            "value": 219992.0,
            "min": 34.0,
            "max": 223492.0,
            "count": 50
        },
        "default.HeatMap_Heat:SpawnLoc_6.mean": {
            "value": 0.5,
            "min": 0.4998437650501728,
            "max": 1.0,
            "count": 50
        },
        "default.HeatMap_Heat:SpawnLoc_6.sum": {
            "value": 160.0,
            "min": 12.870000123977661,
            "max": 167.5,
            "count": 50
        },
        "default.HeatMap_TimesSpawned:SpawnLoc_6.mean": {
            "value": 716.175,
            "min": 2.357142857142857,
            "max": 716.175,
            "count": 50
        },
        "default.HeatMap_TimesSpawned:SpawnLoc_6.sum": {
            "value": 229176.0,
            "min": 66.0,
            "max": 229178.0,
            "count": 50
        },
        "default.HeatMap_Heat:SpawnLoc_7.mean": {
            "value": 0.5,
            "min": 0.4995570529865313,
            "max": 0.9976785736424583,
            "count": 50
        },
        "default.HeatMap_Heat:SpawnLoc_7.sum": {
            "value": 160.0,
            "min": 12.65500032901764,
            "max": 167.5,
            "count": 50
        },
        "default.HeatMap_TimesSpawned:SpawnLoc_7.mean": {
            "value": 719.953125,
            "min": 1.3214285714285714,
            "max": 719.953125,
            "count": 50
        },
        "default.HeatMap_TimesSpawned:SpawnLoc_7.sum": {
            "value": 230385.0,
            "min": 37.0,
            "max": 230385.0,
            "count": 50
        },
        "default.HeatMap_Heat:SpawnLoc_8.mean": {
            "value": 0.5,
            "min": 0.5,
            "max": 0.9966071460928235,
            "count": 50
        },
        "default.HeatMap_Heat:SpawnLoc_8.sum": {
            "value": 160.0,
            "min": 12.550000429153442,
            "max": 167.5,
            "count": 50
        },
        "default.HeatMap_TimesSpawned:SpawnLoc_8.mean": {
            "value": 691.821875,
            "min": 2.107142857142857,
            "max": 691.821875,
            "count": 50
        },
        "default.HeatMap_TimesSpawned:SpawnLoc_8.sum": {
            "value": 221383.0,
            "min": 59.0,
            "max": 221383.0,
            "count": 50
        },
        "default.HeatMap_Heat:SpawnLoc_9.mean": {
            "value": 0.5,
            "min": 0.5,
            "max": 1.0,
            "count": 50
        },
        "default.HeatMap_Heat:SpawnLoc_9.sum": {
            "value": 160.0,
            "min": 13.0,
            "max": 167.5,
            "count": 50
        },
        "default.HeatMap_TimesSpawned:SpawnLoc_9.mean": {
            "value": 748.95,
            "min": 3.107142857142857,
            "max": 748.95,
            "count": 50
        },
        "default.HeatMap_TimesSpawned:SpawnLoc_9.sum": {
            "value": 239664.0,
            "min": 87.0,
            "max": 241720.0,
            "count": 50
        },
        "default.HeatMap_Heat:SpawnLoc_10.mean": {
            "value": 0.5,
            "min": 0.4998823642730713,
            "max": 1.0,
            "count": 50
        },
        "default.HeatMap_Heat:SpawnLoc_10.sum": {
            "value": 160.0,
            "min": 13.0,
            "max": 167.5,
            "count": 50
        },
        "default.HeatMap_TimesSpawned:SpawnLoc_10.mean": {
            "value": 716.86875,
            "min": 0.8571428571428571,
            "max": 716.86875,
            "count": 50
        },
        "default.HeatMap_TimesSpawned:SpawnLoc_10.sum": {
            "value": 229398.0,
            "min": 24.0,
            "max": 230408.0,
            "count": 50
        },
        "default.HeatMap_Heat:SpawnLoc_11.mean": {
            "value": 0.5,
            "min": 0.5,
            "max": 1.0,
            "count": 50
        },
        "default.HeatMap_Heat:SpawnLoc_11.sum": {
            "value": 160.0,
            "min": 13.0,
            "max": 179.4900062084198,
            "count": 50
        },
        "default.HeatMap_TimesSpawned:SpawnLoc_11.mean": {
            "value": 1002.2125,
            "min": 3.107142857142857,
            "max": 1002.2125,
            "count": 50
        },
        "default.HeatMap_TimesSpawned:SpawnLoc_11.sum": {
            "value": 320708.0,
            "min": 87.0,
            "max": 326540.0,
            "count": 50
        },
        "default.Environment.EpisodeLength.mean": {
            "value": 28.938837920489295,
            "min": 28.708978328173373,
            "max": 138.77027027027026,
            "count": 50
        },
        "default.Environment.EpisodeLength.sum": {
            "value": 9463.0,
            "min": 8707.0,
            "max": 10598.0,
            "count": 50
        },
        "default.Policy.ExtrinsicValueEstimate.mean": {
            "value": 3.1943154335021973,
            "min": -0.011493759229779243,
            "max": 3.2283451557159424,
            "count": 50
        },
        "default.Policy.ExtrinsicValueEstimate.sum": {
            "value": 1213.83984375,
            "min": -2.2987518310546875,
            "max": 1223.5428466796875,
            "count": 50
        },
        "default.Environment.CumulativeReward.mean": {
            "value": 3.8486238532110093,
            "min": 0.27702702702702703,
            "max": 3.8988095238095237,
            "count": 50
        },
        "default.Environment.CumulativeReward.sum": {
            "value": 1258.5,
            "min": 20.5,
            "max": 1310.0,
            "count": 50
        },
        "default.Policy.ExtrinsicReward.mean": {
            "value": 3.8486238532110093,
            "min": 0.27702702702702703,
            "max": 3.8988095238095237,
            "count": 50
        },
        "default.Policy.ExtrinsicReward.sum": {
            "value": 1258.5,
            "min": 20.5,
            "max": 1310.0,
            "count": 50
        },
        "default.IsTraining.mean": {
            "value": 1.0,
            "min": 1.0,
            "max": 1.0,
            "count": 50
        },
        "default.IsTraining.sum": {
            "value": 1.0,
            "min": 1.0,
            "max": 1.0,
            "count": 50
        },
        "default.Losses.PolicyLoss.mean": {
            "value": 0.031065266377603016,
            "min": 0.026459176605567337,
            "max": 0.04372829728138943,
            "count": 48
        },
        "default.Losses.PolicyLoss.sum": {
            "value": 0.031065266377603016,
            "min": 0.026459176605567337,
            "max": 0.04372829728138943,
            "count": 48
        },
        "default.Losses.ValueLoss.mean": {
            "value": 0.11592405637105306,
            "min": 0.09848448031892379,
            "max": 0.27119755893945696,
            "count": 48
        },
        "default.Losses.ValueLoss.sum": {
            "value": 0.11592405637105306,
            "min": 0.09848448031892379,
            "max": 0.27119755893945696,
            "count": 48
        },
        "default.Policy.LearningRate.mean": {
            "value": 4.155698614799993e-06,
            "min": 4.155698614799993e-06,
            "max": 0.0002938518020494,
            "count": 48
        },
        "default.Policy.LearningRate.sum": {
            "value": 4.155698614799993e-06,
            "min": 4.155698614799993e-06,
            "max": 0.0002938518020494,
            "count": 48
        },
        "default.Policy.Epsilon.mean": {
            "value": 0.1013852,
            "min": 0.1013852,
            "max": 0.19795060000000003,
            "count": 48
        },
        "default.Policy.Epsilon.sum": {
            "value": 0.1013852,
            "min": 0.1013852,
            "max": 0.19795060000000003,
            "count": 48
        },
        "default.Policy.Beta.mean": {
            "value": 7.912147999999987e-05,
            "min": 7.912147999999987e-05,
            "max": 0.00489773494,
            "count": 48
        },
        "default.Policy.Beta.sum": {
            "value": 7.912147999999987e-05,
            "min": 7.912147999999987e-05,
            "max": 0.00489773494,
            "count": 48
        }
    },
    "metadata": {
        "timer_format_version": "0.1.0",
        "start_time_seconds": "1616344433",
        "python_version": "3.7.0 (v3.7.0:1bf9cc5093, Jun 27 2018, 04:59:51) [MSC v.1914 64 bit (AMD64)]",
        "command_line_arguments": "C:\\Users\\vanre\\AppData\\Local\\Programs\\Python\\Python37\\Scripts\\mlagents-learn .\\Trainers\\PPO_Default.yaml --run-id=PPO_512-10240_HM --force",
        "mlagents_version": "0.24.0",
        "mlagents_envs_version": "0.24.0",
        "communication_protocol_version": "1.4.0",
        "pytorch_version": "1.7.0+cu110",
        "numpy_version": "1.18.1",
        "end_time_seconds": "1616345236"
    },
    "total": 803.1230310999999,
    "count": 1,
    "self": 0.004223099999876467,
    "children": {
        "run_training.setup": {
            "total": 0.11812029999999996,
            "count": 1,
            "self": 0.11812029999999996
        },
        "TrainerController.start_learning": {
            "total": 803.0006877000001,
            "count": 1,
            "self": 0.6638516999912554,
            "children": {
                "TrainerController._reset_env": {
                    "total": 6.218643,
                    "count": 1,
                    "self": 6.218643
                },
                "TrainerController.advance": {
                    "total": 796.0622797000087,
                    "count": 37481,
                    "self": 0.3420213000030117,
                    "children": {
                        "env_step": {
                            "total": 795.7202584000057,
                            "count": 37481,
                            "self": 723.472959900005,
                            "children": {
                                "SubprocessEnvManager._take_step": {
                                    "total": 71.89540610000307,
                                    "count": 37481,
                                    "self": 1.5852930999995039,
                                    "children": {
                                        "TorchPolicy.evaluate": {
                                            "total": 70.31011300000357,
                                            "count": 31279,
                                            "self": 36.21009370001262,
                                            "children": {
                                                "TorchPolicy.sample_actions": {
                                                    "total": 34.10001929999095,
                                                    "count": 31279,
                                                    "self": 34.10001929999095
                                                }
                                            }
                                        }
                                    }
                                },
                                "workers": {
                                    "total": 0.3518923999976966,
                                    "count": 37481,
                                    "self": 0.0,
                                    "children": {
                                        "worker_root": {
                                            "total": 796.7074603999998,
                                            "count": 37481,
                                            "is_parallel": true,
                                            "self": 122.2395539999892,
                                            "children": {
                                                "steps_from_proto": {
                                                    "total": 0.0005741000000005769,
                                                    "count": 1,
                                                    "is_parallel": true,
                                                    "self": 9.010000000131413e-05,
                                                    "children": {
                                                        "_process_vector_observation": {
                                                            "total": 0.0004839999999992628,
                                                            "count": 4,
                                                            "is_parallel": true,
                                                            "self": 0.0004839999999992628
                                                        }
                                                    }
                                                },
                                                "UnityEnvironment.step": {
                                                    "total": 674.4673323000106,
                                                    "count": 37481,
                                                    "is_parallel": true,
                                                    "self": 6.19815560000643,
                                                    "children": {
                                                        "UnityEnvironment._generate_step_input": {
                                                            "total": 5.8297823999991065,
                                                            "count": 37481,
                                                            "is_parallel": true,
                                                            "self": 5.8297823999991065
                                                        },
                                                        "communicator.exchange": {
                                                            "total": 645.4423977000091,
                                                            "count": 37481,
                                                            "is_parallel": true,
                                                            "self": 645.4423977000091
                                                        },
                                                        "steps_from_proto": {
                                                            "total": 16.996996599996038,
                                                            "count": 37481,
                                                            "is_parallel": true,
                                                            "self": 2.62359649999045,
                                                            "children": {
                                                                "_process_vector_observation": {
                                                                    "total": 14.373400100005588,
                                                                    "count": 149924,
                                                                    "is_parallel": true,
                                                                    "self": 14.373400100005588
                                                                }
                                                            }
                                                        }
                                                    }
                                                }
                                            }
                                        }
                                    }
                                }
                            }
                        }
                    }
                },
                "trainer_threads": {
                    "total": 3.739999999652355e-05,
                    "count": 1,
                    "self": 3.739999999652355e-05,
                    "children": {
                        "thread_root": {
                            "total": 0.0,
                            "count": 0,
                            "is_parallel": true,
                            "self": 0.0,
                            "children": {
                                "trainer_advance": {
                                    "total": 796.0594753999862,
                                    "count": 55021,
                                    "is_parallel": true,
                                    "self": 2.534366499990824,
                                    "children": {
                                        "process_trajectory": {
                                            "total": 722.4915577999958,
                                            "count": 55021,
                                            "is_parallel": true,
                                            "self": 722.4174038999957,
                                            "children": {
                                                "RLTrainer._checkpoint": {
                                                    "total": 0.07415390000005573,
                                                    "count": 1,
                                                    "is_parallel": true,
                                                    "self": 0.07415390000005573
                                                }
                                            }
                                        },
                                        "_update_policy": {
                                            "total": 71.03355109999966,
                                            "count": 48,
                                            "is_parallel": true,
                                            "self": 27.91180850000174,
                                            "children": {
                                                "TorchPPOOptimizer.update": {
                                                    "total": 43.121742599997916,
                                                    "count": 2880,
                                                    "is_parallel": true,
                                                    "self": 43.121742599997916
                                                }
                                            }
                                        }
                                    }
                                }
                            }
                        }
                    }
                },
                "TrainerController._save_models": {
                    "total": 0.055875900000046386,
                    "count": 1,
                    "self": 0.007087000000069565,
                    "children": {
                        "RLTrainer._checkpoint": {
                            "total": 0.04878889999997682,
                            "count": 1,
                            "self": 0.04878889999997682
                        }
                    }
                }
            }
        }
    }
}