{
    "default": {
        "checkpoints": [
            {
                "steps": 499993,
                "file_path": "results\\PPO_512-10240_HM\\default\\default-499993.onnx",
                "reward": 3.7976190476190474,
                "creation_time": 1616345236.6844018
            },
            {
                "steps": 500019,
                "file_path": "results\\PPO_512-10240_HM\\default\\default-500019.onnx",
                "reward": 3.7985781990521326,
                "creation_time": 1616345236.760402
            }
        ],
        "final_checkpoint": {
            "steps": 500019,
            "file_path": "results\\PPO_512-10240_HM\\default.onnx",
            "reward": 3.7985781990521326,
            "creation_time": 1616345236.760402
        }
    },
    "metadata": {
        "stats_format_version": "0.2.0",
        "mlagents_version": "0.24.0",
        "torch_version": "1.7.0+cu110"
    }
}