{
    "name": "root",
    "gauges": {
        "default.Policy.Entropy.mean": {
            "value": 1.3670552968978882,
            "min": 1.3670552968978882,
            "max": 1.4294840097427368,
            "count": 50
        },
        "default.Policy.Entropy.sum": {
            "value": 13758.044921875,
            "min": 13350.078125,
            "max": 14803.556640625,
            "count": 50
        },
        "default.HeatMap_Heat:SpawnLoc_0.mean": {
            "value": 0.5,
            "min": 0.5,
            "max": 0.9990540549561784,
            "count": 50
        },
        "default.HeatMap_Heat:SpawnLoc_0.sum": {
            "value": 219.0,
            "min": 16.825000166893005,
            "max": 219.0,
            "count": 50
        },
        "default.HeatMap_TimesSpawned:SpawnLoc_0.mean": {
            "value": 1094.2876712328766,
            "min": 1.8108108108108107,
            "max": 1094.2876712328766,
            "count": 50
        },
        "default.HeatMap_TimesSpawned:SpawnLoc_0.sum": {
            "value": 479298.0,
            "min": 67.0,
            "max": 479298.0,
            "count": 50
        },
        "default.HeatMap_Heat:SpawnLoc_1.mean": {
            "value": 0.5,
            "min": 0.5,
            "max": 0.9972972998747954,
            "count": 50
        },
        "default.HeatMap_Heat:SpawnLoc_1.sum": {
            "value": 219.0,
            "min": 16.68000030517578,
            "max": 219.0,
            "count": 50
        },
        "default.HeatMap_TimesSpawned:SpawnLoc_1.mean": {
            "value": 1126.7465753424658,
            "min": 4.297297297297297,
            "max": 1126.7465753424658,
            "count": 50
        },
        "default.HeatMap_TimesSpawned:SpawnLoc_1.sum": {
            "value": 493515.0,
            "min": 159.0,
            "max": 493515.0,
            "count": 50
        },
        "default.HeatMap_Heat:SpawnLoc_2.mean": {
            "value": 0.5,
            "min": 0.5,
            "max": 0.9960810848184534,
            "count": 50
        },
        "default.HeatMap_Heat:SpawnLoc_2.sum": {
            "value": 219.0,
            "min": 16.320000648498535,
            "max": 219.0,
            "count": 50
        },
        "default.HeatMap_TimesSpawned:SpawnLoc_2.mean": {
            "value": 1108.433789954338,
            "min": 1.7837837837837838,
            "max": 1108.433789954338,
            "count": 50
        },
        "default.HeatMap_TimesSpawned:SpawnLoc_2.sum": {
            "value": 485494.0,
            "min": 66.0,
            "max": 485494.0,
            "count": 50
        },
        "default.HeatMap_Heat:SpawnLoc_3.mean": {
            "value": 0.5,
            "min": 0.49971293154600505,
            "max": 0.9986486499373978,
            "count": 50
        },
        "default.HeatMap_Heat:SpawnLoc_3.sum": {
            "value": 219.0,
            "min": 16.915000081062317,
            "max": 219.0,
            "count": 50
        },
        "default.HeatMap_TimesSpawned:SpawnLoc_3.mean": {
            "value": 1225.5456621004566,
            "min": 2.5135135135135136,
            "max": 1225.5456621004566,
            "count": 50
        },
        "default.HeatMap_TimesSpawned:SpawnLoc_3.sum": {
            "value": 536789.0,
            "min": 93.0,
            "max": 536789.0,
            "count": 50
        },
        "default.HeatMap_Heat:SpawnLoc_4.mean": {
            "value": 0.5,
            "min": 0.5,
            "max": 1.0,
            "count": 50
        },
        "default.HeatMap_Heat:SpawnLoc_4.sum": {
            "value": 219.0,
            "min": 17.0,
            "max": 219.0,
            "count": 50
        },
        "default.HeatMap_TimesSpawned:SpawnLoc_4.mean": {
            "value": 1126.3310502283105,
            "min": 1.4594594594594594,
            "max": 1126.3310502283105,
            "count": 50
        },
        "default.HeatMap_TimesSpawned:SpawnLoc_4.sum": {
            "value": 493333.0,
            "min": 54.0,
            "max": 493333.0,
            "count": 50
        },
        "default.HeatMap_Heat:SpawnLoc_5.mean": {
            "value": 0.5,
            "min": 0.5,
            "max": 0.9866216343802374,
            "count": 50
        },
        "default.HeatMap_Heat:SpawnLoc_5.sum": {
            "value": 219.0,
            "min": 16.46000051498413,
            "max": 219.0,
            "count": 50
        },
        "default.HeatMap_TimesSpawned:SpawnLoc_5.mean": {
            "value": 1119.5890410958905,
            "min": 3.810810810810811,
            "max": 1119.5890410958905,
            "count": 50
        },
        "default.HeatMap_TimesSpawned:SpawnLoc_5.sum": {
            "value": 490380.0,
            "min": 141.0,
            "max": 490380.0,
            "count": 50
        },
        "default.HeatMap_Heat:SpawnLoc_6.mean": {
            "value": 0.5,
            "min": 0.49833351870377857,
            "max": 1.0,
            "count": 50
        },
        "default.HeatMap_Heat:SpawnLoc_6.sum": {
            "value": 219.0,
            "min": 17.0,
            "max": 219.0,
            "count": 50
        },
        "default.HeatMap_TimesSpawned:SpawnLoc_6.mean": {
            "value": 1060.4885844748858,
            "min": 2.810810810810811,
            "max": 1060.4885844748858,
            "count": 50
        },
        "default.HeatMap_TimesSpawned:SpawnLoc_6.sum": {
            "value": 464494.0,
            "min": 104.0,
            "max": 464494.0,
            "count": 50
        },
        "default.HeatMap_Heat:SpawnLoc_7.mean": {
            "value": 0.5,
            "min": 0.5,
            "max": 0.992297304643167,
            "count": 50
        },
        "default.HeatMap_Heat:SpawnLoc_7.sum": {
            "value": 219.0,
            "min": 16.43500053882599,
            "max": 219.0,
            "count": 50
        },
        "default.HeatMap_TimesSpawned:SpawnLoc_7.mean": {
            "value": 1072.4132420091323,
            "min": 3.972972972972973,
            "max": 1072.4132420091323,
            "count": 50
        },
        "default.HeatMap_TimesSpawned:SpawnLoc_7.sum": {
            "value": 469717.0,
            "min": 147.0,
            "max": 469717.0,
            "count": 50
        },
        "default.HeatMap_Heat:SpawnLoc_8.mean": {
            "value": 0.5,
            "min": 0.5,
            "max": 0.9987837849436579,
            "count": 50
        },
        "default.HeatMap_Heat:SpawnLoc_8.sum": {
            "value": 219.0,
            "min": 16.81500017642975,
            "max": 219.0,
            "count": 50
        },
        "default.HeatMap_TimesSpawned:SpawnLoc_8.mean": {
            "value": 1083.4748858447488,
            "min": 1.5405405405405406,
            "max": 1083.4748858447488,
            "count": 50
        },
        "default.HeatMap_TimesSpawned:SpawnLoc_8.sum": {
            "value": 474562.0,
            "min": 57.0,
            "max": 474562.0,
            "count": 50
        },
        "default.HeatMap_Heat:SpawnLoc_9.mean": {
            "value": 0.5,
            "min": 0.5,
            "max": 1.0,
            "count": 50
        },
        "default.HeatMap_Heat:SpawnLoc_9.sum": {
            "value": 219.0,
            "min": 17.0,
            "max": 219.0,
            "count": 50
        },
        "default.HeatMap_TimesSpawned:SpawnLoc_9.mean": {
            "value": 1121.335616438356,
            "min": 3.135135135135135,
            "max": 1121.335616438356,
            "count": 50
        },
        "default.HeatMap_TimesSpawned:SpawnLoc_9.sum": {
            "value": 491145.0,
            "min": 116.0,
            "max": 491145.0,
            "count": 50
        },
        "default.HeatMap_Heat:SpawnLoc_10.mean": {
            "value": 0.5,
            "min": 0.49962819410749704,
            "max": 1.0,
            "count": 50
        },
        "default.HeatMap_Heat:SpawnLoc_10.sum": {
            "value": 219.0,
            "min": 17.0,
            "max": 219.0,
            "count": 50
        },
        "default.HeatMap_TimesSpawned:SpawnLoc_10.mean": {
            "value": 1126.2990867579908,
            "min": 0.35135135135135137,
            "max": 1126.2990867579908,
            "count": 50
        },
        "default.HeatMap_TimesSpawned:SpawnLoc_10.sum": {
            "value": 493319.0,
            "min": 13.0,
            "max": 493319.0,
            "count": 50
        },
        "default.HeatMap_Heat:SpawnLoc_11.mean": {
            "value": 0.5,
            "min": 0.5,
            "max": 1.0,
            "count": 50
        },
        "default.HeatMap_Heat:SpawnLoc_11.sum": {
            "value": 219.0,
            "min": 17.0,
            "max": 219.0,
            "count": 50
        },
        "default.HeatMap_TimesSpawned:SpawnLoc_11.mean": {
            "value": 1135.4908675799086,
            "min": 1.1081081081081081,
            "max": 1135.4908675799086,
            "count": 50
        },
        "default.HeatMap_TimesSpawned:SpawnLoc_11.sum": {
            "value": 497345.0,
            "min": 41.0,
            "max": 497345.0,
            "count": 50
        },
        "default.Environment.EpisodeLength.mean": {
            "value": 21.8246013667426,
            "min": 21.8246013667426,
            "max": 137.17567567567568,
            "count": 50
        },
        "default.Environment.EpisodeLength.sum": {
            "value": 9581.0,
            "min": 8873.0,
            "max": 10229.0,
            "count": 50
        },
        "default.Policy.ExtrinsicValueEstimate.mean": {
            "value": 3.5102241039276123,
            "min": 0.08776230365037918,
            "max": 3.524332046508789,
            "count": 50
        },
        "default.Policy.ExtrinsicValueEstimate.sum": {
            "value": 1597.1519775390625,
            "min": 17.289173126220703,
            "max": 1597.1519775390625,
            "count": 50
        },
        "default.Environment.CumulativeReward.mean": {
            "value": 3.952054794520548,
            "min": 0.668918918918919,
            "max": 3.9873417721518987,
            "count": 50
        },
        "default.Environment.CumulativeReward.sum": {
            "value": 1731.0,
            "min": 49.5,
            "max": 1731.0,
            "count": 50
        },
        "default.Policy.ExtrinsicReward.mean": {
            "value": 3.952054794520548,
            "min": 0.668918918918919,
            "max": 3.9873417721518987,
            "count": 50
        },
        "default.Policy.ExtrinsicReward.sum": {
            "value": 1731.0,
            "min": 49.5,
            "max": 1731.0,
            "count": 50
        },
        "default.Losses.PolicyLoss.mean": {
            "value": 0.02639193953946233,
            "min": 0.025257862258392078,
            "max": 0.036852289022256936,
            "count": 50
        },
        "default.Losses.PolicyLoss.sum": {
            "value": 0.13195969769731164,
            "min": 0.10729482176247984,
            "max": 0.18426144511128467,
            "count": 50
        },
        "default.Losses.ValueLoss.mean": {
            "value": 0.07326273343836268,
            "min": 0.045644002345701054,
            "max": 0.30325478116671245,
            "count": 50
        },
        "default.Losses.ValueLoss.sum": {
            "value": 0.3663136671918134,
            "min": 0.22747967019677162,
            "max": 1.5162739058335624,
            "count": 50
        },
        "default.Policy.LearningRate.mean": {
            "value": 2.5199791600400056e-06,
            "min": 2.5199791600400056e-06,
            "max": 0.00029688675103774995,
            "count": 50
        },
        "default.Policy.LearningRate.sum": {
            "value": 1.2599895800200027e-05,
            "min": 1.2599895800200027e-05,
            "max": 0.0014562390145869998,
            "count": 50
        },
        "default.Policy.Epsilon.mean": {
            "value": 0.10083995999999999,
            "min": 0.10083995999999999,
            "max": 0.19896225000000003,
            "count": 50
        },
        "default.Policy.Epsilon.sum": {
            "value": 0.5041998,
            "min": 0.45212700000000006,
            "max": 0.9854130000000002,
            "count": 50
        },
        "default.Policy.Beta.mean": {
            "value": 5.19140040000001e-05,
            "min": 5.19140040000001e-05,
            "max": 0.004948216275000001,
            "count": 50
        },
        "default.Policy.Beta.sum": {
            "value": 0.0002595700200000005,
            "min": 0.0002595700200000005,
            "max": 0.024272108700000003,
            "count": 50
        },
        "default.IsTraining.mean": {
            "value": 1.0,
            "min": 1.0,
            "max": 1.0,
            "count": 50
        },
        "default.IsTraining.sum": {
            "value": 1.0,
            "min": 1.0,
            "max": 1.0,
            "count": 50
        }
    },
    "metadata": {
        "timer_format_version": "0.1.0",
        "start_time_seconds": "1616343528",
        "python_version": "3.7.0 (v3.7.0:1bf9cc5093, Jun 27 2018, 04:59:51) [MSC v.1914 64 bit (AMD64)]",
        "command_line_arguments": "C:\\Users\\vanre\\AppData\\Local\\Programs\\Python\\Python37\\Scripts\\mlagents-learn .\\Trainers\\PPO_Default.yaml --run-id=PPO_512-2048_HM --force",
        "mlagents_version": "0.24.0",
        "mlagents_envs_version": "0.24.0",
        "communication_protocol_version": "1.4.0",
        "pytorch_version": "1.7.0+cu110",
        "numpy_version": "1.18.1",
        "end_time_seconds": "1616344337"
    },
    "total": 809.5041871000001,
    "count": 1,
    "self": 0.004368900000145004,
    "children": {
        "run_training.setup": {
            "total": 0.11482329999999996,
            "count": 1,
            "self": 0.11482329999999996
        },
        "TrainerController.start_learning": {
            "total": 809.3849948999999,
            "count": 1,
            "self": 0.793021499996712,
            "children": {
                "TrainerController._reset_env": {
                    "total": 6.488419,
                    "count": 1,
                    "self": 6.488419
                },
                "TrainerController.advance": {
                    "total": 802.0465150000032,
                    "count": 40620,
                    "self": 0.3549542000080237,
                    "children": {
                        "env_step": {
                            "total": 801.6915607999952,
                            "count": 40620,
                            "self": 735.6120942999735,
                            "children": {
                                "SubprocessEnvManager._take_step": {
                                    "total": 65.69838010000419,
                                    "count": 40620,
                                    "self": 1.6220639000032406,
                                    "children": {
                                        "TorchPolicy.evaluate": {
                                            "total": 64.07631620000095,
                                            "count": 31277,
                                            "self": 30.949181999996128,
                                            "children": {
                                                "TorchPolicy.sample_actions": {
                                                    "total": 33.12713420000482,
                                                    "count": 31277,
                                                    "self": 33.12713420000482
                                                }
                                            }
                                        }
                                    }
                                },
                                "workers": {
                                    "total": 0.38108640001748206,
                                    "count": 40620,
                                    "self": 0.0,
                                    "children": {
                                        "worker_root": {
                                            "total": 802.7996039999982,
                                            "count": 40620,
                                            "is_parallel": true,
                                            "self": 115.64954359999786,
                                            "children": {
                                                "steps_from_proto": {
                                                    "total": 0.00048180000000019874,
                                                    "count": 1,
                                                    "is_parallel": true,
                                                    "self": 7.429999999875037e-05,
                                                    "children": {
                                                        "_process_vector_observation": {
                                                            "total": 0.00040750000000144837,
                                                            "count": 4,
                                                            "is_parallel": true,
                                                            "self": 0.00040750000000144837
                                                        }
                                                    }
                                                },
                                                "UnityEnvironment.step": {
                                                    "total": 687.1495786000004,
                                                    "count": 40620,
                                                    "is_parallel": true,
                                                    "self": 7.265835899998592,
                                                    "children": {
                                                        "UnityEnvironment._generate_step_input": {
                                                            "total": 5.891413099998659,
                                                            "count": 40620,
                                                            "is_parallel": true,
                                                            "self": 5.891413099998659
                                                        },
                                                        "communicator.exchange": {
                                                            "total": 658.3334978000031,
                                                            "count": 40620,
                                                            "is_parallel": true,
                                                            "self": 658.3334978000031
                                                        },
                                                        "steps_from_proto": {
                                                            "total": 15.658831800000055,
                                                            "count": 40620,
                                                            "is_parallel": true,
                                                            "self": 2.69896560000905,
                                                            "children": {
                                                                "_process_vector_observation": {
                                                                    "total": 12.959866199991005,
                                                                    "count": 162480,
                                                                    "is_parallel": true,
                                                                    "self": 12.959866199991005
                                                                }
                                                            }
                                                        }
                                                    }
                                                }
                                            }
                                        }
                                    }
                                }
                            }
                        }
                    }
                },
                "trainer_threads": {
                    "total": 3.2799999985400063e-05,
                    "count": 1,
                    "self": 3.2799999985400063e-05,
                    "children": {
                        "thread_root": {
                            "total": 0.0,
                            "count": 0,
                            "is_parallel": true,
                            "self": 0.0,
                            "children": {
                                "trainer_advance": {
                                    "total": 802.1996257999951,
                                    "count": 57490,
                                    "is_parallel": true,
                                    "self": 2.5613028999962353,
                                    "children": {
                                        "process_trajectory": {
                                            "total": 729.6490752999986,
                                            "count": 57490,
                                            "is_parallel": true,
                                            "self": 729.5742056999986,
                                            "children": {
                                                "RLTrainer._checkpoint": {
                                                    "total": 0.0748695999999427,
                                                    "count": 1,
                                                    "is_parallel": true,
                                                    "self": 0.0748695999999427
                                                }
                                            }
                                        },
                                        "_update_policy": {
                                            "total": 69.98924760000034,
                                            "count": 241,
                                            "is_parallel": true,
                                            "self": 28.20498590000163,
                                            "children": {
                                                "TorchPPOOptimizer.update": {
                                                    "total": 41.78426169999871,
                                                    "count": 2892,
                                                    "is_parallel": true,
                                                    "self": 41.78426169999871
                                                }
                                            }
                                        }
                                    }
                                }
                            }
                        }
                    }
                },
                "TrainerController._save_models": {
                    "total": 0.057006600000022445,
                    "count": 1,
                    "self": 0.006134599999995771,
                    "children": {
                        "RLTrainer._checkpoint": {
                            "total": 0.050872000000026674,
                            "count": 1,
                            "self": 0.050872000000026674
                        }
                    }
                }
            }
        }
    }
}