{
    "default": {
        "checkpoints": [
            {
                "steps": 499996,
                "file_path": "results\\PPO_512-2048_HM\\default\\default-499996.onnx",
                "reward": 4.0,
                "creation_time": 1616344337.7100363
            },
            {
                "steps": 500029,
                "file_path": "results\\PPO_512-2048_HM\\default\\default-500029.onnx",
                "reward": 4.0,
                "creation_time": 1616344337.768035
            }
        ],
        "final_checkpoint": {
            "steps": 500029,
            "file_path": "results\\PPO_512-2048_HM\\default.onnx",
            "reward": 4.0,
            "creation_time": 1616344337.768035
        }
    },
    "metadata": {
        "stats_format_version": "0.2.0",
        "mlagents_version": "0.24.0",
        "torch_version": "1.7.0+cu110"
    }
}